time,counts_ratio
2025-07-22 07:36:18.873709+00:00,2.2584873
2025-07-22 07:36:30.880073+00:00,2.2584873
2025-07-22 07:36:43.103809+00:00,2.258487
2025-07-22 07:36:58.395424+00:00,2.2584879
2025-07-22 07:37:08.830029+00:00,2.2584873
2025-07-22 07:37:21.861017+00:00,2.2584873
2025-07-22 07:37:38.296995+00:00,2.2584874
2025-07-22 07:37:46.732799+00:00,2.258488
2025-07-22 07:37:59.165838+00:00,2.2584876
2025-07-22 07:38:12.468146+00:00,2.2584876
2025-07-22 07:38:25.390719+00:00,2.2584878
2025-07-22 07:38:39.364123+00:00,2.2584878
2025-07-22 07:38:53.580524+00:00,2.2584874
2025-07-22 07:39:15.104466+00:00,2.2584871
2025-07-22 07:39:27.744188+00:00,2.2584873
2025-07-22 07:39:40.207370+00:00,2.2584873
2025-07-22 07:40:05.504538+00:00,2.2584861
2025-07-22 07:40:17.076991+00:00,2.2584874
2025-07-22 07:40:53.970728+00:00,2.258487
2025-07-22 07:41:06.536778+00:00,2.2584877
2025-07-22 07:41:19.027282+00:00,2.2584872
2025-07-22 07:42:22.322732+00:00,2.2584874
2025-07-22 07:42:34.362574+00:00,2.2584861
2025-07-22 07:42:49.738968+00:00,2.2584879
2025-07-22 07:43:12.264503+00:00,2.258487
2025-07-22 07:44:06.470166+00:00,2.2584879
2025-07-22 07:44:40.426681+00:00,2.2584872
2025-07-22 07:46:20.227048+00:00,2.2584869
2025-07-22 07:46:59.493544+00:00,2.2584874
2025-07-22 07:47:11.186295+00:00,2.2584876
2025-07-22 07:47:24.227046+00:00,2.2584875
2025-07-22 07:47:36.734634+00:00,2.2584864
2025-07-22 07:47:49.508789+00:00,2.2584874
2025-07-22 07:48:14.934583+00:00,2.2584874
2025-07-22 07:48:27.609301+00:00,2.2584876
2025-07-22 07:48:52.867989+00:00,2.2584877
2025-07-22 07:49:06.405309+00:00,2.2584872
2025-07-22 07:49:19.032254+00:00,2.2584876
2025-07-22 07:49:31.199366+00:00,2.2584879
2025-07-22 07:49:43.623628+00:00,2.2584871
2025-07-22 07:49:56.349214+00:00,2.2584876
2025-07-22 07:50:12.311849+00:00,2.2584869
2025-07-22 07:50:22.393717+00:00,2.2584872
2025-07-22 07:50:59.233475+00:00,2.2584876
2025-07-22 07:51:36.794277+00:00,2.2584873
2025-07-22 07:52:01.411530+00:00,2.2584869
2025-07-22 07:52:13.990038+00:00,2.2584867
2025-07-22 07:52:26.096836+00:00,2.2584877
2025-07-22 07:52:38.676366+00:00,2.2584875
2025-07-22 07:52:51.082158+00:00,2.2584868
2025-07-22 07:53:03.908401+00:00,2.2584871
2025-07-22 07:53:19.001990+00:00,2.2584865
2025-07-22 07:53:41.923904+00:00,2.2584872
2025-07-22 07:53:54.231179+00:00,2.2584878
2025-07-22 07:54:10.492347+00:00,2.2584879
2025-07-22 07:54:20.900516+00:00,2.2584879
2025-07-22 07:54:44.504506+00:00,2.2584875
2025-07-22 07:58:43.367661+00:00,2.2584861
2025-07-22 07:59:32.284920+00:00,2.2584874
2025-07-22 07:59:44.091002+00:00,2.258487
2025-07-22 07:59:57.833899+00:00,2.2584867
2025-07-22 08:00:10.318659+00:00,2.2584876
2025-07-22 08:00:21.494240+00:00,2.2584877
2025-07-22 08:00:34.453181+00:00,2.2584875
2025-07-22 08:01:38.062174+00:00,2.2584869
2025-07-22 08:01:48.580721+00:00,2.2584869
2025-07-22 08:02:29.070337+00:00,2.2584872
2025-07-22 08:03:03.176688+00:00,2.2584875
2025-07-22 08:03:15.536590+00:00,2.2584874
2025-07-22 08:03:27.844642+00:00,2.2584869
2025-07-22 08:03:56.626458+00:00,2.2584872
2025-07-22 08:04:18.448834+00:00,2.2584859
2025-07-22 08:04:31.395875+00:00,2.2584872
2025-07-22 08:04:48.051479+00:00,2.2584864
2025-07-22 08:05:09.433446+00:00,2.2584874
2025-07-22 08:05:59.389787+00:00,2.2584875
2025-07-22 08:06:14.414330+00:00,2.2584875
2025-07-22 08:06:24.741151+00:00,2.2584862
2025-07-22 08:06:37.357841+00:00,2.2584869
2025-07-22 08:07:03.140764+00:00,2.2584876
2025-07-22 08:56:10.790112+00:00,2.2584874
2025-07-22 08:56:22.132358+00:00,2.2584874
2025-07-22 08:56:34.389344+00:00,2.2584871
2025-07-22 08:56:47.124459+00:00,2.2584874
2025-07-22 08:57:00.045190+00:00,2.2584877
2025-07-22 08:57:12.417940+00:00,2.2584875
2025-07-22 08:57:24.487242+00:00,2.258488
2025-07-22 08:57:38.118585+00:00,2.2584876
2025-07-22 08:57:49.658815+00:00,2.2584869
2025-07-22 08:58:03.351665+00:00,2.2584877
2025-07-22 08:58:14.870264+00:00,2.2584876
2025-07-22 08:58:27.512187+00:00,2.2584875
2025-07-22 08:58:39.711409+00:00,2.2584871
2025-07-22 08:58:52.146177+00:00,2.2584869
2025-07-22 08:59:06.870265+00:00,2.258488
2025-07-22 08:59:17.663649+00:00,2.2584872
2025-07-22 08:59:30.263749+00:00,2.2584876
2025-07-22 08:59:42.889182+00:00,2.2584869
2025-07-22 08:59:56.423910+00:00,2.2584874
2025-07-22 09:00:08.309308+00:00,2.2584878
2025-07-22 09:00:20.320806+00:00,2.2584876
2025-07-22 09:00:32.976966+00:00,2.2584876
2025-07-22 09:00:45.472632+00:00,2.2584871
2025-07-22 09:00:57.627323+00:00,2.2584876
2025-07-22 09:01:10.525401+00:00,2.2584878
2025-07-22 09:01:22.324295+00:00,2.2584872
2025-07-22 09:01:35.003799+00:00,2.2584873
2025-07-22 09:01:48.014362+00:00,2.2584871
2025-07-22 09:02:00.588840+00:00,2.2584873
2025-07-22 09:02:14.353389+00:00,2.2584873
2025-07-22 09:02:25.541742+00:00,2.258487
2025-07-22 09:02:37.530717+00:00,2.2584874
2025-07-22 09:02:50.454245+00:00,2.258487
2025-07-22 09:03:03.623090+00:00,2.258488
2025-07-22 09:03:14.921794+00:00,2.2584873
2025-07-22 09:03:27.681464+00:00,2.258487
2025-07-22 09:03:39.498488+00:00,2.2584875
2025-07-22 09:03:52.081835+00:00,2.2584872
2025-07-22 09:04:04.519544+00:00,2.2584876
2025-07-22 09:04:17.137334+00:00,2.2584873
2025-07-22 09:04:29.305748+00:00,2.2584875
2025-07-22 09:04:42.397098+00:00,2.2584873
2025-07-22 09:05:04.702061+00:00,2.2584868
2025-07-22 09:05:06.544950+00:00,2.2584875
2025-07-22 09:05:19.863766+00:00,2.2584874
2025-07-22 09:05:31.658116+00:00,2.258488
2025-07-22 09:05:43.648810+00:00,2.2584871
2025-07-22 09:05:55.844842+00:00,2.2584868
2025-07-22 09:06:09.620987+00:00,2.2584873
2025-07-22 09:06:22.053686+00:00,2.2584877
2025-07-22 09:06:34.695161+00:00,2.258487
2025-07-22 09:06:47.021531+00:00,2.2584877
2025-07-22 09:06:59.137851+00:00,2.2584876
2025-07-22 09:07:12.191006+00:00,2.2584875
2025-07-22 09:07:24.735568+00:00,2.2584869
2025-07-22 09:07:38.343847+00:00,2.258487
2025-07-22 09:07:49.881281+00:00,2.2584874
2025-07-22 09:08:02.695310+00:00,2.2584877
2025-07-22 09:08:15.527506+00:00,2.2584871
2025-07-22 09:08:28.690704+00:00,2.2584874
2025-07-22 09:08:40.774129+00:00,2.2584869
2025-07-22 09:08:53.332105+00:00,2.2584867
2025-07-22 09:09:10.335978+00:00,2.2584868
2025-07-22 09:09:18.773098+00:00,2.2584872
2025-07-22 09:09:31.739496+00:00,2.2584873
2025-07-22 09:09:44.088918+00:00,2.2584872
2025-07-22 09:09:57.199867+00:00,2.2584877
2025-07-22 09:10:09.776134+00:00,2.2584868
2025-07-22 09:10:22.125291+00:00,2.2584873
2025-07-22 09:10:34.833959+00:00,2.2584877
2025-07-22 09:10:46.705832+00:00,2.2584876
2025-07-22 09:10:59.496025+00:00,2.2584871
2025-07-22 09:11:12.053884+00:00,2.2584872
2025-07-22 09:11:24.495367+00:00,2.2584871
2025-07-22 09:11:38.109072+00:00,2.2584874
2025-07-22 09:11:49.394025+00:00,2.2584876
2025-07-22 09:12:02.467262+00:00,2.258487
2025-07-22 09:12:15.667542+00:00,2.2584865
2025-07-22 09:12:52.072592+00:00,2.2584868
2025-07-22 09:13:04.743901+00:00,2.2584871
2025-07-22 09:13:54.609424+00:00,2.2584869
2025-07-22 09:14:07.628405+00:00,2.2584871
2025-07-22 09:16:36.115550+00:00,2.2584862
2025-07-22 09:16:49.424271+00:00,2.258487
2025-07-22 09:17:01.290477+00:00,2.2584871
2025-07-22 09:17:14.069463+00:00,2.2584876
2025-07-22 09:17:26.236173+00:00,2.2584878
2025-07-22 09:17:39.348713+00:00,2.2584876
2025-07-22 09:17:52.160467+00:00,2.2584868
2025-07-22 09:18:05.581284+00:00,2.2584876
2025-07-22 09:18:17.222694+00:00,2.2584876
2025-07-22 09:18:29.780092+00:00,2.2584869
2025-07-22 09:18:42.654637+00:00,2.2584874
2025-07-22 09:18:55.466295+00:00,2.2584868
2025-07-22 09:19:20.638105+00:00,2.258487
2025-07-22 09:19:34.076993+00:00,2.2584865
2025-07-22 09:19:46.378580+00:00,2.2584875
2025-07-22 09:20:12.210535+00:00,2.2584873
2025-07-22 09:20:23.332559+00:00,2.2584874
2025-07-22 09:20:35.536428+00:00,2.258488
2025-07-22 09:20:48.085191+00:00,2.2584876
2025-07-22 09:20:59.492760+00:00,2.2584872
2025-07-22 09:21:12.782868+00:00,2.2584876
2025-07-22 09:21:49.696935+00:00,2.2584878
2025-07-22 09:22:02.520292+00:00,2.2584868
2025-07-22 09:22:14.605776+00:00,2.2584869
2025-07-22 09:22:30.555241+00:00,2.2584874
2025-07-22 09:22:39.886640+00:00,2.2584871
2025-07-22 09:22:52.582959+00:00,2.2584875
2025-07-22 09:23:05.098232+00:00,2.2584878
2025-07-22 09:23:19.572880+00:00,2.2584869
2025-07-22 09:23:29.733404+00:00,2.2584867
2025-07-22 09:23:42.658062+00:00,2.2584876
2025-07-22 09:23:54.567064+00:00,2.2584876
2025-07-22 09:24:12.263413+00:00,2.2584874
2025-07-22 09:24:20.032526+00:00,2.2584874
2025-07-22 09:24:34.672851+00:00,2.2584878
2025-07-22 09:24:45.780179+00:00,2.2584875
2025-07-22 09:24:57.570249+00:00,2.2584876
2025-07-22 09:25:10.163294+00:00,2.2584869
2025-07-22 09:25:23.166200+00:00,2.258487
2025-07-22 09:25:36.086872+00:00,2.2584875
2025-07-22 09:25:47.978864+00:00,2.2584868
2025-07-22 09:26:00.008265+00:00,2.258487
2025-07-22 09:26:13.526267+00:00,2.2584874
2025-07-22 09:26:24.677811+00:00,2.2584876
2025-07-22 09:26:37.315785+00:00,2.2584873
2025-07-22 09:26:50.041872+00:00,2.2584874
2025-07-22 09:27:02.526351+00:00,2.2584873
2025-07-22 09:27:15.731064+00:00,2.2584873
2025-07-22 09:27:27.290135+00:00,2.2584874
2025-07-22 09:27:39.826235+00:00,2.2584874
2025-07-22 09:27:52.615844+00:00,2.258487
2025-07-22 09:28:06.758837+00:00,2.2584875
2025-07-22 09:28:18.182833+00:00,2.2584877
2025-07-22 09:28:29.533597+00:00,2.258487
2025-07-22 09:28:41.934770+00:00,2.2584871
2025-07-22 09:28:55.341122+00:00,2.2584875
2025-07-22 09:29:07.154918+00:00,2.2584872
2025-07-22 09:29:22.617508+00:00,2.2584873
2025-07-22 09:29:32.116078+00:00,2.2584871
2025-07-22 09:29:44.591365+00:00,2.2584877
2025-07-22 09:29:58.690266+00:00,2.2584876
2025-07-22 09:30:10.387971+00:00,2.2584873
2025-07-22 09:30:25.144374+00:00,2.2584872
2025-07-22 09:30:35.769586+00:00,2.2584871
2025-07-22 09:30:47.953114+00:00,2.2584867
2025-07-22 09:31:26.609400+00:00,2.2584866
2025-07-22 09:31:37.228129+00:00,2.2584871
2025-07-22 09:32:07.971712+00:00,2.2584873
2025-07-22 09:32:14.213734+00:00,2.2584875
2025-07-22 09:32:53.526033+00:00,2.258487
2025-07-22 09:33:04.609341+00:00,2.2584879
2025-07-22 09:33:18.066292+00:00,2.2584874
2025-07-22 09:33:42.779696+00:00,2.2584874
2025-07-22 09:33:54.340724+00:00,2.2584875
2025-07-22 09:34:07.611106+00:00,2.258487
2025-07-22 09:34:22.001988+00:00,2.2584875
2025-07-22 09:34:31.823186+00:00,2.2584873
2025-07-22 09:34:50.459976+00:00,2.2584877
2025-07-22 09:34:56.625919+00:00,2.2584874
2025-07-22 09:35:12.661047+00:00,2.2584876
2025-07-22 09:35:22.165120+00:00,2.2584876
2025-07-22 09:35:35.603999+00:00,2.2584874
2025-07-22 09:35:47.259319+00:00,2.2584878
2025-07-22 09:35:59.622644+00:00,2.258487
2025-07-22 09:36:12.473188+00:00,2.2584878
2025-07-22 09:36:24.963268+00:00,2.2584875
2025-07-22 09:36:36.957870+00:00,2.2584874
2025-07-22 09:36:51.125172+00:00,2.2584873
2025-07-22 09:37:01.877303+00:00,2.2584876
2025-07-22 09:37:14.503152+00:00,2.2584873
2025-07-22 09:37:29.516100+00:00,2.2584868
2025-07-22 09:37:39.436999+00:00,2.2584879
2025-07-22 09:37:53.020655+00:00,2.2584874
2025-07-22 09:38:04.891456+00:00,2.258487
2025-07-22 09:38:17.723430+00:00,2.2584872
2025-07-22 09:38:31.209868+00:00,2.2584872
2025-07-22 09:38:44.160241+00:00,2.258487
2025-07-22 09:38:55.556359+00:00,2.2584869
2025-07-22 09:39:08.734316+00:00,2.258487
2025-07-22 09:39:21.076116+00:00,2.2584877
2025-07-22 09:39:34.299023+00:00,2.2584875
2025-07-22 09:39:46.816095+00:00,2.2584875
2025-07-22 09:39:59.337416+00:00,2.2584872
2025-07-22 09:40:11.901753+00:00,2.2584874
2025-07-22 09:40:24.465494+00:00,2.2584872
2025-07-22 09:40:37.130737+00:00,2.2584873
2025-07-22 09:40:50.119937+00:00,2.2584867
2025-07-22 09:41:02.524743+00:00,2.2584879
2025-07-22 09:41:15.130140+00:00,2.2584868
2025-07-22 09:41:27.986915+00:00,2.2584875
2025-07-22 09:41:40.486590+00:00,2.2584877
2025-07-22 09:41:53.370077+00:00,2.258487
2025-07-22 09:42:06.599098+00:00,2.2584869
2025-07-22 09:42:20.512959+00:00,2.2584872
2025-07-22 09:42:32.035803+00:00,2.2584875
2025-07-22 09:42:44.410301+00:00,2.258487
2025-07-22 09:42:55.702676+00:00,2.2584874
2025-07-22 09:43:08.261582+00:00,2.2584872
2025-07-22 09:43:23.068651+00:00,2.2584871
2025-07-22 09:43:32.913968+00:00,2.2584868
2025-07-22 09:43:45.909333+00:00,2.2584869
2025-07-22 09:43:58.100475+00:00,2.2584879
2025-07-22 09:44:11.442230+00:00,2.2584875
2025-07-22 09:44:23.598009+00:00,2.2584872
2025-07-22 09:44:36.535396+00:00,2.258487
2025-07-22 09:44:52.420027+00:00,2.2584875
2025-07-22 09:45:05.057733+00:00,2.2584877
2025-07-22 09:45:14.215466+00:00,2.2584871
2025-07-22 09:45:27.008623+00:00,2.2584874
2025-07-22 09:45:39.256318+00:00,2.2584878
2025-07-22 09:45:51.461952+00:00,2.2584878
2025-07-22 09:46:04.354290+00:00,2.2584872
2025-07-22 09:46:17.191008+00:00,2.2584874
2025-07-22 09:46:29.589715+00:00,2.2584872
2025-07-22 09:46:42.310004+00:00,2.258487
2025-07-22 09:46:54.998086+00:00,2.2584873
2025-07-22 09:47:07.910312+00:00,2.2584868
2025-07-22 09:47:20.215216+00:00,2.2584877
2025-07-22 09:47:33.364104+00:00,2.2584868
2025-07-22 09:47:46.012050+00:00,2.2584869
2025-07-22 09:47:57.947952+00:00,2.2584877
2025-07-22 09:48:10.536427+00:00,2.2584867
2025-07-22 09:48:22.829277+00:00,2.2584874
2025-07-22 09:48:35.303074+00:00,2.258487
2025-07-22 09:48:47.632428+00:00,2.2584871
2025-07-22 09:49:07.621382+00:00,2.2584877
2025-07-22 09:49:12.905112+00:00,2.2584876
2025-07-22 09:49:24.993978+00:00,2.2584874
2025-07-22 09:49:41.745715+00:00,2.2584877
2025-07-22 09:49:50.787535+00:00,2.2584877
2025-07-22 09:50:04.485111+00:00,2.2584871
2025-07-22 09:50:16.281738+00:00,2.2584873
2025-07-22 09:50:28.628684+00:00,2.2584878
2025-07-22 09:50:41.481411+00:00,2.2584878
2025-07-22 09:50:53.402066+00:00,2.2584875
2025-07-22 09:51:08.379888+00:00,2.258487
2025-07-22 09:51:20.035496+00:00,2.2584879
2025-07-22 09:51:31.676492+00:00,2.2584874
2025-07-22 09:51:43.741884+00:00,2.2584879
2025-07-22 09:51:56.224559+00:00,2.2584878
2025-07-22 09:52:09.088739+00:00,2.2584872
2025-07-22 09:52:21.159274+00:00,2.2584869
2025-07-22 09:52:33.710140+00:00,2.2584869
2025-07-22 09:52:47.285273+00:00,2.2584875
2025-07-22 09:52:58.652559+00:00,2.2584867
2025-07-22 09:53:11.554250+00:00,2.2584876
2025-07-22 09:53:23.650149+00:00,2.2584878
2025-07-22 09:53:37.008411+00:00,2.2584876
2025-07-22 09:53:48.806454+00:00,2.2584873
2025-07-22 09:54:01.770563+00:00,2.2584872
2025-07-22 09:54:16.346424+00:00,2.2584871
2025-07-22 09:54:27.218837+00:00,2.2584875
2025-07-22 09:54:40.006509+00:00,2.2584875
2025-07-22 09:54:52.804456+00:00,2.2584873
2025-07-22 09:55:05.658586+00:00,2.2584869
2025-07-22 09:55:18.608792+00:00,2.2584875
2025-07-22 09:55:31.392868+00:00,2.2584869
2025-07-22 09:55:43.626352+00:00,2.2584875
2025-07-22 09:55:56.439378+00:00,2.258487
2025-07-22 09:56:09.699754+00:00,2.2584869
2025-07-22 09:56:21.567044+00:00,2.2584874
2025-07-22 09:56:33.895783+00:00,2.2584871
2025-07-22 09:56:46.982033+00:00,2.2584872
2025-07-22 09:56:58.912837+00:00,2.2584874
2025-07-22 09:57:12.006288+00:00,2.2584878
2025-07-22 09:57:24.178419+00:00,2.2584873
2025-07-22 09:57:36.357690+00:00,2.2584875
2025-07-22 09:57:49.521182+00:00,2.2584871
2025-07-22 09:58:02.820560+00:00,2.2584874
2025-07-22 09:58:13.419355+00:00,2.2584871
2025-07-22 09:58:26.044285+00:00,2.2584869
2025-07-22 09:58:38.603685+00:00,2.2584871
2025-07-22 09:58:51.329477+00:00,2.2584866
2025-07-22 09:59:04.153883+00:00,2.2584874
2025-07-22 09:59:17.268660+00:00,2.2584877
2025-07-22 09:59:29.717990+00:00,2.2584875
2025-07-22 09:59:41.785259+00:00,2.258487
2025-07-22 09:59:54.395932+00:00,2.2584868
2025-07-22 10:00:07.009185+00:00,2.2584874
2025-07-22 10:00:19.750873+00:00,2.2584872
2025-07-22 10:00:32.885070+00:00,2.2584874
2025-07-22 10:00:44.885368+00:00,2.2584876
2025-07-22 10:00:57.386683+00:00,2.2584869
2025-07-22 10:01:10.352070+00:00,2.2584867
2025-07-22 10:01:22.391299+00:00,2.258487
2025-07-22 10:01:35.182347+00:00,2.2584877
2025-07-22 10:01:47.381464+00:00,2.2584875
2025-07-22 10:02:00.083505+00:00,2.2584872
2025-07-22 10:02:12.264857+00:00,2.2584876
2025-07-22 10:02:24.960050+00:00,2.2584872
2025-07-22 10:02:38.554317+00:00,2.2584875
2025-07-22 10:02:49.693407+00:00,2.2584871
2025-07-22 10:03:02.264110+00:00,2.258487
2025-07-22 10:03:14.323943+00:00,2.258487
2025-07-22 10:03:26.718814+00:00,2.2584876
2025-07-22 10:03:40.179051+00:00,2.2584871
2025-07-22 10:03:51.455293+00:00,2.2584878
2025-07-22 10:04:04.414130+00:00,2.2584874
2025-07-22 10:04:17.428515+00:00,2.2584875
2025-07-22 10:04:30.252509+00:00,2.2584867
2025-07-22 10:04:43.272246+00:00,2.2584868
2025-07-22 10:04:55.103937+00:00,2.2584874
2025-07-22 10:05:09.131956+00:00,2.2584874
2025-07-22 10:05:20.695176+00:00,2.2584869
2025-07-22 10:05:33.369208+00:00,2.2584872
2025-07-22 10:05:45.663046+00:00,2.2584869
2025-07-22 10:05:58.670146+00:00,2.258487
2025-07-22 10:06:11.017521+00:00,2.258487
2025-07-22 10:06:23.444554+00:00,2.2584871
2025-07-22 10:06:36.002883+00:00,2.2584872
2025-07-22 10:06:50.352301+00:00,2.2584876
2025-07-22 10:07:01.315938+00:00,2.258487
2025-07-22 10:07:13.723907+00:00,2.2584873
2025-07-22 10:07:26.260482+00:00,2.2584871
2025-07-22 10:07:39.256932+00:00,2.2584868
2025-07-22 10:07:52.006286+00:00,2.2584866
2025-07-22 10:08:05.864676+00:00,2.2584874
2025-07-22 10:08:17.880274+00:00,2.2584865
2025-07-22 10:08:30.623205+00:00,2.2584873
2025-07-22 10:08:42.780219+00:00,2.2584873
2025-07-22 10:08:55.572880+00:00,2.258487
2025-07-22 10:09:10.255170+00:00,2.258487
2025-07-22 10:09:20.788809+00:00,2.2584872
2025-07-22 10:09:33.805352+00:00,2.2584877
2025-07-22 10:09:49.504461+00:00,2.2584878
2025-07-22 10:09:58.715844+00:00,2.2584877
2025-07-22 10:10:24.523880+00:00,2.2584869
2025-07-22 10:10:37.202062+00:00,2.2584873
2025-07-22 10:10:49.740685+00:00,2.2584872
2025-07-22 10:11:03.286281+00:00,2.2584869
2025-07-22 10:11:19.133583+00:00,2.2584876
2025-07-22 10:11:27.819875+00:00,2.2584873
2025-07-22 10:11:40.025548+00:00,2.2584876
2025-07-22 10:11:52.277093+00:00,2.2584877
2025-07-22 10:12:04.776594+00:00,2.2584872
2025-07-22 10:12:17.186107+00:00,2.2584875
2025-07-22 10:12:31.077662+00:00,2.2584869
2025-07-22 10:12:41.491207+00:00,2.2584875
2025-07-22 10:12:54.202860+00:00,2.2584871
2025-07-22 10:13:13.505413+00:00,2.258487
2025-07-22 10:13:19.199788+00:00,2.2584868
2025-07-22 10:13:32.306509+00:00,2.2584875
2025-07-22 10:13:44.031117+00:00,2.2584876
2025-07-22 10:13:56.395766+00:00,2.2584873
2025-07-22 10:14:10.348883+00:00,2.258487
2025-07-22 10:14:21.501751+00:00,2.2584868
2025-07-22 10:14:34.952707+00:00,2.2584871
2025-07-22 10:14:48.362812+00:00,2.2584868
2025-07-22 10:14:59.761580+00:00,2.2584876
2025-07-22 10:15:12.480992+00:00,2.2584876
2025-07-22 10:15:25.062814+00:00,2.2584868
2025-07-22 10:15:37.411020+00:00,2.2584871
2025-07-22 10:15:49.292444+00:00,2.258487
2025-07-22 10:16:01.760880+00:00,2.2584874
2025-07-22 10:16:14.058430+00:00,2.258487
2025-07-22 10:16:26.880423+00:00,2.2584873
2025-07-22 10:16:40.938888+00:00,2.2584873
2025-07-22 10:16:52.342717+00:00,2.2584877
2025-07-22 10:17:04.210009+00:00,2.2584873
2025-07-22 10:17:19.600009+00:00,2.2584873
2025-07-22 10:17:31.750735+00:00,2.2584868
2025-07-22 10:17:41.632438+00:00,2.2584868
2025-07-22 10:17:54.616757+00:00,2.258487
2025-07-22 10:18:08.894153+00:00,2.2584867
2025-07-22 10:18:19.341413+00:00,2.2584874
2025-07-22 10:18:32.450334+00:00,2.2584867
2025-07-22 10:18:48.162803+00:00,2.2584868
2025-07-22 10:18:56.392313+00:00,2.2584872
2025-07-22 10:19:09.779642+00:00,2.2584874
2025-07-22 10:19:21.648843+00:00,2.2584867
2025-07-22 10:19:34.356370+00:00,2.2584875
2025-07-22 10:19:46.296587+00:00,2.2584873
2025-07-22 10:19:58.337685+00:00,2.2584874
2025-07-22 10:20:10.999078+00:00,2.2584874
2025-07-22 10:20:24.165565+00:00,2.2584869
2025-07-22 10:20:40.815930+00:00,2.2584875
2025-07-22 10:20:49.285581+00:00,2.2584877
2025-07-22 10:21:02.267988+00:00,2.2584869
2025-07-22 10:21:14.681523+00:00,2.2584874
2025-07-22 10:21:27.921857+00:00,2.2584876
2025-07-22 10:21:40.591481+00:00,2.2584871
2025-07-22 10:21:54.753898+00:00,2.2584871
2025-07-22 10:22:08.554728+00:00,2.2584872
2025-07-22 10:22:21.996671+00:00,2.2584874
2025-07-22 10:22:31.785886+00:00,2.2584868
2025-07-22 10:22:44.087807+00:00,2.2584876
2025-07-22 10:22:56.758546+00:00,2.2584874
2025-07-22 10:23:09.864164+00:00,2.2584867
2025-07-22 10:23:21.909733+00:00,2.2584875
2025-07-22 10:23:34.714828+00:00,2.2584876
2025-07-22 10:23:47.450526+00:00,2.2584873
2025-07-22 10:23:59.611150+00:00,2.2584867
2025-07-22 10:24:12.410106+00:00,2.2584871
2025-07-22 10:24:25.459780+00:00,2.2584871
2025-07-22 10:24:37.598563+00:00,2.2584869
2025-07-22 10:24:49.853072+00:00,2.2584873
2025-07-22 10:25:03.026700+00:00,2.2584876
2025-07-22 10:25:15.241197+00:00,2.2584874
2025-07-22 10:25:26.819888+00:00,2.2584872
2025-07-22 10:25:39.518030+00:00,2.2584868
2025-07-22 10:25:52.173107+00:00,2.2584871
2025-07-22 10:26:04.764652+00:00,2.2584865
2025-07-22 10:26:17.309151+00:00,2.2584868
2025-07-22 10:26:29.918074+00:00,2.2584873
2025-07-22 10:26:43.100851+00:00,2.2584871
2025-07-22 10:26:55.873377+00:00,2.2584873
2025-07-22 10:27:08.397122+00:00,2.258487
2025-07-22 10:27:21.008275+00:00,2.2584871
2025-07-22 10:27:33.095730+00:00,2.2584874
2025-07-22 10:27:45.644513+00:00,2.2584873
2025-07-22 10:27:58.330300+00:00,2.2584868
2025-07-22 10:28:10.921075+00:00,2.2584879
2025-07-22 10:28:22.888447+00:00,2.258487
2025-07-22 10:28:35.284395+00:00,2.2584872
2025-07-22 10:28:48.117930+00:00,2.2584873
2025-07-22 10:29:00.641341+00:00,2.258487
2025-07-22 10:29:14.298334+00:00,2.2584871
2025-07-22 10:29:25.381212+00:00,2.2584871
2025-07-22 10:29:37.719562+00:00,2.2584875
2025-07-22 10:29:51.654471+00:00,2.2584877
2025-07-22 10:30:03.512192+00:00,2.2584873
2025-07-22 10:30:17.033371+00:00,2.2584872
2025-07-22 10:30:30.106724+00:00,2.2584869
2025-07-22 10:30:42.815725+00:00,2.2584877
2025-07-22 10:30:53.461976+00:00,2.2584866
2025-07-22 10:31:08.396328+00:00,2.2584867
2025-07-22 10:31:18.758238+00:00,2.2584868
2025-07-22 10:31:35.098134+00:00,2.2584872
2025-07-22 10:31:44.298772+00:00,2.2584871
2025-07-22 10:31:56.243563+00:00,2.2584872
2025-07-22 10:32:08.415037+00:00,2.2584874
2025-07-22 10:32:20.835907+00:00,2.2584872
2025-07-22 10:32:33.704094+00:00,2.2584869
2025-07-22 10:32:46.312515+00:00,2.2584869
2025-07-22 10:32:58.024108+00:00,2.258487
2025-07-22 10:33:11.772028+00:00,2.2584871
2025-07-22 10:33:24.320477+00:00,2.258487
2025-07-22 10:33:37.786334+00:00,2.258487
2025-07-22 10:33:50.398481+00:00,2.2584868
2025-07-22 10:34:03.924365+00:00,2.2584871
2025-07-22 10:34:15.659704+00:00,2.258487
2025-07-22 10:34:27.262798+00:00,2.2584871
2025-07-22 10:34:40.737083+00:00,2.2584864
2025-07-22 10:34:53.484226+00:00,2.2584872
2025-07-22 10:35:06.498959+00:00,2.2584873
2025-07-22 10:35:18.974312+00:00,2.2584872
2025-07-22 10:35:31.640879+00:00,2.2584868
2025-07-22 10:35:43.769481+00:00,2.2584871
2025-07-22 10:35:57.223801+00:00,2.2584874
2025-07-22 10:36:12.860566+00:00,2.2584878
2025-07-22 10:36:21.963925+00:00,2.2584871
2025-07-22 10:36:34.314929+00:00,2.2584867
2025-07-22 10:36:49.913494+00:00,2.2584871
2025-07-22 10:36:59.981692+00:00,2.2584868
2025-07-22 10:37:12.434650+00:00,2.258487
2025-07-22 10:37:25.048217+00:00,2.2584874
2025-07-22 10:37:37.207228+00:00,2.2584875
2025-07-22 10:37:49.468952+00:00,2.2584871
2025-07-22 10:38:03.305140+00:00,2.2584875
2025-07-22 10:38:14.330718+00:00,2.2584877
2025-07-22 10:38:26.667940+00:00,2.2584871
2025-07-22 10:38:40.507416+00:00,2.2584872
2025-07-22 10:38:51.807293+00:00,2.2584877
2025-07-22 10:39:04.941785+00:00,2.2584879
2025-07-22 10:39:17.409856+00:00,2.258487
2025-07-22 10:39:28.753445+00:00,2.2584875
2025-07-22 10:39:42.241223+00:00,2.2584877
2025-07-22 10:39:56.731066+00:00,2.258487
2025-07-22 10:40:06.949288+00:00,2.2584875
2025-07-22 10:40:19.159037+00:00,2.2584875
2025-07-22 10:40:33.967047+00:00,2.258487
2025-07-22 10:40:44.184330+00:00,2.2584869
2025-07-22 10:40:56.705262+00:00,2.2584877
2025-07-22 10:41:09.633009+00:00,2.2584868
2025-07-22 10:41:21.670233+00:00,2.2584872
2025-07-22 10:41:35.578017+00:00,2.2584866
2025-07-22 10:41:48.931010+00:00,2.258487
2025-07-22 10:41:59.849694+00:00,2.2584873
2025-07-22 10:42:14.797526+00:00,2.2584869
2025-07-22 10:42:25.057761+00:00,2.2584874
2025-07-22 10:42:38.098387+00:00,2.2584871
2025-07-22 10:42:50.097515+00:00,2.2584874
2025-07-22 10:43:03.913643+00:00,2.2584868
2025-07-22 10:43:16.399028+00:00,2.2584872
2025-07-22 10:43:27.851529+00:00,2.2584866
2025-07-22 10:43:40.322064+00:00,2.258487
2025-07-22 10:43:52.715207+00:00,2.2584872
2025-07-22 10:44:06.394371+00:00,2.2584871
2025-07-22 10:44:19.785445+00:00,2.2584873
2025-07-22 10:44:29.964672+00:00,2.2584873
2025-07-22 10:44:42.297041+00:00,2.2584869
2025-07-22 10:44:54.988750+00:00,2.258487
2025-07-22 10:45:08.759006+00:00,2.2584869
2025-07-22 10:45:21.302199+00:00,2.2584866
2025-07-22 10:45:36.952281+00:00,2.2584878
2025-07-22 10:45:45.954170+00:00,2.2584866
2025-07-22 10:45:58.784879+00:00,2.2584873
2025-07-22 10:46:11.988005+00:00,2.2584871
2025-07-22 10:46:24.450405+00:00,2.258487
2025-07-22 10:46:36.551867+00:00,2.2584869
2025-07-22 10:46:49.704039+00:00,2.2584872
2025-07-22 10:47:03.203741+00:00,2.2584873
2025-07-22 10:47:15.156990+00:00,2.2584874
2025-07-22 10:47:27.137264+00:00,2.2584871
2025-07-22 10:47:39.728306+00:00,2.2584871
2025-07-22 10:47:52.535276+00:00,2.2584876
2025-07-22 10:48:05.336348+00:00,2.2584871
2025-07-22 10:48:18.059048+00:00,2.2584872
2025-07-22 10:48:30.359600+00:00,2.2584868
2025-07-22 10:48:42.455020+00:00,2.2584877
2025-07-22 10:48:54.894801+00:00,2.258487
2025-07-22 10:49:07.771405+00:00,2.2584876
2025-07-22 10:49:19.853795+00:00,2.2584873
2025-07-22 10:49:32.950206+00:00,2.2584871
2025-07-22 10:49:44.996281+00:00,2.2584874
2025-07-22 10:49:57.856758+00:00,2.2584871
2025-07-22 10:50:10.922541+00:00,2.2584872
2025-07-22 10:50:23.483973+00:00,2.2584867
2025-07-22 10:50:37.385815+00:00,2.2584868
2025-07-22 10:50:48.342557+00:00,2.258487
2025-07-22 10:51:00.798942+00:00,2.2584873
2025-07-22 10:51:13.215062+00:00,2.258487
2025-07-22 10:51:25.772334+00:00,2.258487
2025-07-22 10:51:38.310822+00:00,2.2584876
2025-07-22 10:51:50.934859+00:00,2.2584873
2025-07-22 10:52:03.898640+00:00,2.2584871
2025-07-22 10:52:17.176336+00:00,2.2584872
2025-07-22 10:52:28.837412+00:00,2.2584866
2025-07-22 10:52:41.339692+00:00,2.2584874
2025-07-22 10:52:53.801985+00:00,2.2584872
2025-07-22 10:53:06.605614+00:00,2.2584873
2025-07-22 10:53:18.780117+00:00,2.2584869
2025-07-22 10:53:31.726682+00:00,2.2584877
2025-07-22 10:53:46.087403+00:00,2.2584873
2025-07-22 10:53:55.977502+00:00,2.258487
2025-07-22 10:54:09.319059+00:00,2.2584872
2025-07-22 10:54:21.003939+00:00,2.2584876
2025-07-22 10:54:33.690493+00:00,2.2584875
2025-07-22 10:54:46.348809+00:00,2.2584872
2025-07-22 10:54:59.890664+00:00,2.2584876
2025-07-22 10:55:12.559679+00:00,2.2584873
2025-07-22 10:55:24.594458+00:00,2.2584872
2025-07-22 10:55:37.396291+00:00,2.2584872
2025-07-22 10:55:50.964369+00:00,2.2584872
2025-07-22 10:56:03.793159+00:00,2.2584875
2025-07-22 10:56:16.551489+00:00,2.2584874
2025-07-22 10:56:28.696756+00:00,2.2584871
2025-07-22 10:56:41.541870+00:00,2.2584876
2025-07-22 10:56:54.709992+00:00,2.2584874
2025-07-22 10:57:08.076109+00:00,2.2584869
2025-07-22 10:57:19.643758+00:00,2.2584866
2025-07-22 10:57:34.046791+00:00,2.2584867
2025-07-22 10:57:45.250254+00:00,2.2584874
2025-07-22 10:57:57.596419+00:00,2.258487
2025-07-22 10:58:11.688858+00:00,2.2584871
2025-07-22 10:58:22.645538+00:00,2.2584869
2025-07-22 10:58:35.124469+00:00,2.2584871
2025-07-22 10:58:47.879743+00:00,2.2584869
2025-07-22 10:59:00.059399+00:00,2.2584872
2025-07-22 10:59:13.468675+00:00,2.2584866
2025-07-22 10:59:25.284769+00:00,2.2584876
2025-07-22 10:59:38.856857+00:00,2.258487
2025-07-22 10:59:49.827241+00:00,2.2584868
2025-07-22 11:00:02.436304+00:00,2.2584872
2025-07-22 11:00:15.303871+00:00,2.2584865
2025-07-22 11:00:52.602702+00:00,2.2584871
2025-07-22 11:01:18.767767+00:00,2.2584872
2025-07-22 11:01:30.260909+00:00,2.2584875
2025-07-22 11:01:42.540792+00:00,2.2584873
2025-07-22 11:01:55.602794+00:00,2.2584869
2025-07-22 11:02:08.157335+00:00,2.2584871
2025-07-22 11:02:33.335022+00:00,2.2584872
2025-07-22 11:02:58.313322+00:00,2.2584869
2025-07-22 11:03:23.038773+00:00,2.2584869
2025-07-22 11:03:36.505184+00:00,2.2584874
2025-07-22 11:03:48.313286+00:00,2.2584866
2025-07-22 11:04:01.421944+00:00,2.2584868
2025-07-22 11:04:13.786642+00:00,2.2584876
2025-07-22 11:04:25.982028+00:00,2.2584868
2025-07-22 11:04:51.276218+00:00,2.2584869
2025-07-22 11:05:03.804457+00:00,2.258486
2025-07-22 11:05:16.804727+00:00,2.258487
2025-07-22 11:05:29.595748+00:00,2.2584871
2025-07-22 11:05:41.736870+00:00,2.258487
2025-07-22 11:05:54.384932+00:00,2.2584871
2025-07-22 11:06:08.809762+00:00,2.258487
2025-07-22 11:06:19.791641+00:00,2.2584875
2025-07-22 11:06:33.883016+00:00,2.258487
2025-07-22 11:06:45.943054+00:00,2.258487
2025-07-22 11:06:57.721944+00:00,2.2584872
2025-07-22 11:07:24.004672+00:00,2.2584873
2025-07-22 11:07:36.114416+00:00,2.2584875
2025-07-22 11:07:48.686292+00:00,2.2584869
2025-07-22 11:08:01.753000+00:00,2.258486
2025-07-22 11:14:03.591774+00:00,2.258486
2025-07-22 11:36:40.111009+00:00,2.2584872
2025-07-22 11:40:13.878256+00:00,2.2584858
2025-07-22 11:41:27.200141+00:00,2.2584868
2025-07-22 11:42:05.921894+00:00,2.2584871
2025-07-22 11:42:18.981786+00:00,2.2584869
2025-07-22 11:42:31.067233+00:00,2.2584871
2025-07-22 11:42:43.482148+00:00,2.2584871
2025-07-22 11:43:08.794798+00:00,2.2584874
2025-07-22 11:43:46.385061+00:00,2.2584861
2025-07-22 11:43:58.461785+00:00,2.2584865
2025-07-22 11:44:12.614529+00:00,2.2584875
2025-07-22 11:44:23.591070+00:00,2.2584871
2025-07-22 11:44:37.569030+00:00,2.2584867
2025-07-22 11:44:48.918849+00:00,2.2584867
2025-07-22 11:45:01.961071+00:00,2.2584872
2025-07-22 11:45:14.627350+00:00,2.2584868
2025-07-22 11:45:27.084186+00:00,2.2584871
2025-07-22 11:45:39.388585+00:00,2.2584873
2025-07-22 11:45:52.255139+00:00,2.2584867
2025-07-22 11:46:05.346914+00:00,2.2584866
2025-07-22 11:46:18.268623+00:00,2.2584871
2025-07-22 11:46:31.651678+00:00,2.2584867
2025-07-22 11:46:43.462810+00:00,2.2584868
2025-07-22 11:46:56.408741+00:00,2.2584869
2025-07-22 11:47:08.919771+00:00,2.2584867
2025-07-22 11:47:21.800037+00:00,2.2584874
2025-07-22 11:47:34.170837+00:00,2.2584867
2025-07-22 11:47:47.592653+00:00,2.2584872
2025-07-22 11:47:59.801343+00:00,2.2584869
2025-07-22 11:48:12.323468+00:00,2.2584873
2025-07-22 11:48:26.449150+00:00,2.2584874
2025-07-22 11:48:37.797910+00:00,2.2584866
2025-07-22 11:48:50.164720+00:00,2.2584872
2025-07-22 11:49:06.182769+00:00,2.2584868
2025-07-22 11:49:15.579465+00:00,2.2584867
2025-07-22 11:49:27.736230+00:00,2.2584874
2025-07-22 11:49:55.084862+00:00,2.2584877
2025-07-22 11:50:04.349022+00:00,2.258487
2025-07-22 11:50:17.218397+00:00,2.2584866
2025-07-22 11:50:30.088341+00:00,2.2584874
2025-07-22 11:50:42.159155+00:00,2.258487
2025-07-22 11:50:54.889004+00:00,2.2584873
2025-07-22 11:51:07.327886+00:00,2.2584869
2025-07-22 11:51:19.914032+00:00,2.2584865
2025-07-22 11:51:44.474431+00:00,2.258487
2025-07-22 11:51:57.477726+00:00,2.2584875
2025-07-22 11:52:10.051989+00:00,2.258487
2025-07-22 11:52:21.925331+00:00,2.2584869
2025-07-22 11:52:34.640393+00:00,2.2584871
2025-07-22 11:52:48.008820+00:00,2.2584874
2025-07-22 11:53:01.799176+00:00,2.2584869
2025-07-22 11:53:13.324911+00:00,2.2584871
2025-07-22 11:53:25.816155+00:00,2.2584874
2025-07-22 11:53:39.130104+00:00,2.2584867
2025-07-22 11:53:51.548919+00:00,2.2584866
2025-07-22 11:54:05.657005+00:00,2.2584871
2025-07-22 11:54:18.993847+00:00,2.2584874
2025-07-22 11:54:32.731189+00:00,2.2584871
2025-07-22 11:54:42.758803+00:00,2.2584866
2025-07-22 11:54:55.899727+00:00,2.2584872
2025-07-22 11:55:08.879570+00:00,2.2584871
2025-07-22 11:55:33.802800+00:00,2.2584868
2025-07-22 11:55:46.162161+00:00,2.2584864
2025-07-22 11:56:23.955675+00:00,2.2584876
2025-07-22 11:56:36.147392+00:00,2.2584871
2025-07-22 11:56:49.040546+00:00,2.2584865
2025-07-22 11:57:02.776187+00:00,2.2584867
2025-07-22 11:57:15.372959+00:00,2.2584869
2025-07-22 11:57:27.148194+00:00,2.2584874
2025-07-22 11:57:39.978745+00:00,2.2584869
2025-07-22 11:57:52.927415+00:00,2.2584871
2025-07-22 12:14:16.240310+00:00,2.2584868
2025-07-22 12:15:20.593750+00:00,2.2584871
2025-07-22 12:15:32.257972+00:00,2.2584866
2025-07-22 12:15:45.246808+00:00,2.2584866
2025-07-22 12:15:57.887170+00:00,2.2584869
2025-07-22 12:16:10.929867+00:00,2.2584867
2025-07-22 12:16:23.396853+00:00,2.2584876
2025-07-22 12:16:38.630719+00:00,2.2584867
2025-07-22 12:16:49.895250+00:00,2.2584872
2025-07-22 12:17:03.133483+00:00,2.2584865
2025-07-22 12:17:15.095866+00:00,2.2584867
2025-07-22 12:17:27.612070+00:00,2.258487
2025-07-22 12:17:40.162438+00:00,2.2584866
2025-07-22 12:17:53.392591+00:00,2.2584867
2025-07-22 12:18:07.165595+00:00,2.2584871
2025-07-22 12:18:18.494279+00:00,2.2584867
2025-07-22 12:18:32.249481+00:00,2.2584866
2025-07-22 12:18:49.183740+00:00,2.2584872
2025-07-22 12:18:56.005292+00:00,2.2584868
2025-07-22 12:19:34.576822+00:00,2.2584868
2025-07-22 12:19:48.371668+00:00,2.2584873
2025-07-22 12:20:00.288702+00:00,2.258487
2025-07-22 12:20:11.183084+00:00,2.2584868
2025-07-22 12:20:24.722982+00:00,2.258487
2025-07-22 12:20:38.874136+00:00,2.258487
2025-07-22 12:20:48.189023+00:00,2.2584866
2025-07-22 12:21:01.847242+00:00,2.2584864
2025-07-22 12:21:13.385446+00:00,2.2584869
2025-07-22 12:21:25.660508+00:00,2.258487
2025-07-22 12:21:37.857856+00:00,2.2584873
2025-07-22 12:21:53.707385+00:00,2.2584872
2025-07-22 12:22:03.420986+00:00,2.2584871
2025-07-22 12:22:20.856792+00:00,2.2584874
2025-07-22 12:22:28.641033+00:00,2.258487
2025-07-22 12:22:42.289952+00:00,2.2584863
2025-07-22 12:22:54.073705+00:00,2.2584866
2025-07-22 12:23:08.482630+00:00,2.2584868
2025-07-22 12:23:18.970507+00:00,2.2584872
2025-07-22 12:23:31.753036+00:00,2.258487
2025-07-22 12:23:43.809404+00:00,2.2584867
2025-07-22 12:23:56.462563+00:00,2.2584874
2025-07-22 12:24:10.074113+00:00,2.2584872
2025-07-22 12:24:23.477832+00:00,2.2584871
2025-07-22 12:24:37.170677+00:00,2.2584873
2025-07-22 12:24:47.366145+00:00,2.2584871
2025-07-22 12:25:00.012158+00:00,2.258487
2025-07-22 12:25:12.557555+00:00,2.2584869
2025-07-22 12:25:26.145721+00:00,2.2584871
2025-07-22 12:25:38.468696+00:00,2.2584872
2025-07-22 12:25:51.862028+00:00,2.2584869
2025-07-22 12:26:04.197301+00:00,2.2584872
2025-07-22 12:26:18.532187+00:00,2.2584877
2025-07-22 12:26:29.483281+00:00,2.2584872
2025-07-22 12:26:42.119282+00:00,2.2584868
2025-07-22 12:26:57.135336+00:00,2.258487
2025-07-22 12:27:09.606140+00:00,2.2584868
2025-07-22 12:27:20.683150+00:00,2.258487
2025-07-22 12:27:34.691444+00:00,2.2584872
2025-07-22 12:27:46.419394+00:00,2.2584871
2025-07-22 12:27:59.041866+00:00,2.2584878
2025-07-22 12:28:12.714352+00:00,2.2584875
2025-07-22 12:28:24.900339+00:00,2.2584868
2025-07-22 12:28:37.533035+00:00,2.2584877
2025-07-22 12:28:50.078182+00:00,2.2584867
2025-07-22 12:29:02.723470+00:00,2.2584871
2025-07-22 12:29:14.649355+00:00,2.2584874
2025-07-22 12:29:27.092127+00:00,2.2584875
2025-07-22 12:29:39.490486+00:00,2.2584874
2025-07-22 12:29:51.698590+00:00,2.258487
2025-07-22 12:30:04.582526+00:00,2.2584868
2025-07-22 12:30:20.138881+00:00,2.2584871
2025-07-22 12:30:29.273915+00:00,2.2584872
2025-07-22 12:30:42.109546+00:00,2.2584872
2025-07-22 12:30:54.231210+00:00,2.2584872
2025-07-22 12:31:08.248986+00:00,2.258487
2025-07-22 12:31:19.008747+00:00,2.2584868
2025-07-22 12:31:31.963833+00:00,2.2584869
2025-07-22 12:31:44.690464+00:00,2.2584869
2025-07-22 12:31:56.614978+00:00,2.2584874
2025-07-22 12:32:09.548540+00:00,2.2584872
2025-07-22 12:32:23.817931+00:00,2.2584876
2025-07-22 12:32:36.129139+00:00,2.2584873
2025-07-22 12:32:47.937255+00:00,2.2584873
2025-07-22 12:32:59.856411+00:00,2.258487
2025-07-22 12:33:12.864056+00:00,2.2584871
2025-07-22 12:33:25.043865+00:00,2.2584871
2025-07-22 12:33:38.253879+00:00,2.2584867
2025-07-22 12:34:04.454340+00:00,2.2584869
2025-07-22 12:34:16.277596+00:00,2.2584873
2025-07-22 12:34:28.566931+00:00,2.2584867
2025-07-22 12:34:40.907657+00:00,2.2584864
2025-07-22 12:34:53.885974+00:00,2.258487
2025-07-22 12:35:06.385943+00:00,2.2584874
2025-07-22 12:35:19.635791+00:00,2.2584874
2025-07-22 12:35:32.275746+00:00,2.2584875
2025-07-22 12:35:44.981217+00:00,2.2584874
2025-07-22 12:35:56.682007+00:00,2.2584875
2025-07-22 12:36:09.842862+00:00,2.2584875
2025-07-22 12:36:21.725220+00:00,2.2584869
2025-07-22 12:36:34.442473+00:00,2.258487
2025-07-22 12:36:47.024867+00:00,2.2584876
2025-07-22 12:37:11.769669+00:00,2.2584869
2025-07-22 12:37:24.082327+00:00,2.2584865
2025-07-22 12:37:38.052184+00:00,2.2584871
2025-07-22 12:37:48.973938+00:00,2.2584873
2025-07-22 12:38:03.822192+00:00,2.2584867
2025-07-22 12:38:13.999859+00:00,2.2584871
2025-07-22 12:38:28.203498+00:00,2.2584871
2025-07-22 12:38:38.705274+00:00,2.2584876
2025-07-22 12:38:52.238765+00:00,2.2584872
2025-07-22 12:39:06.713878+00:00,2.2584869
2025-07-22 12:39:17.330068+00:00,2.258487
2025-07-22 12:39:33.871908+00:00,2.258487
2025-07-22 12:39:43.190376+00:00,2.2584874
2025-07-22 12:39:55.670265+00:00,2.2584868
2025-07-22 12:40:09.259335+00:00,2.2584874
2025-07-22 12:40:21.761768+00:00,2.2584876
2025-07-22 12:40:34.411695+00:00,2.2584861
2025-07-22 12:40:47.139567+00:00,2.2584868
2025-07-22 12:40:59.435744+00:00,2.2584868
2025-07-22 12:41:12.367063+00:00,2.2584869
2025-07-22 12:41:24.595750+00:00,2.2584874
2025-07-22 12:41:37.289125+00:00,2.2584867
2025-07-22 12:41:50.088026+00:00,2.2584871
2025-07-22 12:42:03.420247+00:00,2.2584869
2025-07-22 12:42:15.652408+00:00,2.2584873
2025-07-22 12:42:28.574373+00:00,2.2584874
2025-07-22 12:42:40.858270+00:00,2.2584869
2025-07-22 12:42:53.160299+00:00,2.2584869
2025-07-22 12:43:07.193233+00:00,2.2584867
2025-07-22 12:43:34.781014+00:00,2.2584867
2025-07-22 12:43:43.052914+00:00,2.2584876
2025-07-22 12:43:55.067356+00:00,2.2584868
2025-07-22 12:44:07.831695+00:00,2.2584869
2025-07-22 12:44:20.283132+00:00,2.2584871
2025-07-22 12:44:32.591958+00:00,2.2584868
2025-07-22 12:44:46.848659+00:00,2.2584873
2025-07-22 12:44:57.286203+00:00,2.2584872
2025-07-22 12:45:10.283829+00:00,2.2584873
2025-07-22 12:45:24.040272+00:00,2.2584874
2025-07-22 12:45:38.184246+00:00,2.2584871
2025-07-22 12:45:48.085354+00:00,2.2584873
2025-07-22 12:46:02.615889+00:00,2.258487
2025-07-22 12:46:13.369375+00:00,2.2584872
2025-07-22 12:46:25.472638+00:00,2.2584868
2025-07-22 12:46:39.479725+00:00,2.2584869
2025-07-22 12:46:51.750881+00:00,2.2584871
2025-07-22 12:47:03.526018+00:00,2.2584867
2025-07-22 12:47:15.807814+00:00,2.2584869
2025-07-22 12:47:29.206132+00:00,2.2584874
2025-07-22 12:47:40.687180+00:00,2.2584869
2025-07-22 12:47:53.206903+00:00,2.258487
2025-07-22 12:48:08.703272+00:00,2.2584871
2025-07-22 12:48:19.131827+00:00,2.2584871
2025-07-22 12:48:30.835639+00:00,2.2584873
2025-07-22 12:48:43.102470+00:00,2.2584872
2025-07-22 12:48:55.958638+00:00,2.2584873
2025-07-22 12:49:12.501891+00:00,2.2584875
2025-07-22 12:49:22.130754+00:00,2.2584868
2025-07-22 12:49:35.003766+00:00,2.2584876
2025-07-22 12:49:47.345761+00:00,2.2584869
2025-07-22 12:49:59.871477+00:00,2.2584873
2025-07-22 12:50:14.560435+00:00,2.2584868
2025-07-22 12:50:25.895974+00:00,2.2584877
2025-07-22 12:50:39.228681+00:00,2.2584872
2025-07-22 12:50:52.929265+00:00,2.2584869
2025-07-22 12:51:04.142322+00:00,2.2584876
2025-07-22 12:51:17.009694+00:00,2.2584866
2025-07-22 12:51:29.711168+00:00,2.2584868
2025-07-22 12:51:43.068076+00:00,2.2584871
2025-07-22 12:51:54.781923+00:00,2.2584871
2025-07-22 12:52:07.815845+00:00,2.258487
2025-07-22 12:52:20.845581+00:00,2.2584871
2025-07-22 12:52:36.300796+00:00,2.2584869
2025-07-22 12:52:45.533079+00:00,2.2584867
2025-07-22 12:52:57.699898+00:00,2.2584874
2025-07-22 12:53:12.866718+00:00,2.2584871
2025-07-22 12:53:22.707640+00:00,2.2584875
2025-07-22 12:53:35.150930+00:00,2.2584873
2025-07-22 12:53:47.251697+00:00,2.2584872
2025-07-22 12:53:59.328789+00:00,2.2584871
2025-07-22 12:54:12.339417+00:00,2.2584871
2025-07-22 12:54:25.283400+00:00,2.2584876
2025-07-22 12:54:39.647975+00:00,2.2584864
2025-07-22 12:54:50.118012+00:00,2.258487
2025-07-22 12:55:02.978981+00:00,2.2584876
2025-07-22 12:55:15.422055+00:00,2.2584875
2025-07-22 12:55:33.821164+00:00,2.2584872
2025-07-22 12:55:40.813774+00:00,2.258487
2025-07-22 12:55:53.820000+00:00,2.2584871
2025-07-22 12:56:05.186945+00:00,2.2584872
2025-07-22 12:56:17.704951+00:00,2.2584873
2025-07-22 12:56:30.827173+00:00,2.2584874
2025-07-22 12:56:43.716806+00:00,2.2584869
2025-07-22 12:56:55.110393+00:00,2.2584875
2025-07-22 12:57:08.073775+00:00,2.258487
2025-07-22 12:57:20.602497+00:00,2.2584873
2025-07-22 12:57:33.476310+00:00,2.2584872
2025-07-22 12:57:46.192127+00:00,2.2584872
2025-07-22 12:57:59.585082+00:00,2.2584875
2025-07-22 12:58:11.882511+00:00,2.2584865
2025-07-22 12:58:24.409225+00:00,2.258487
2025-07-22 12:58:37.485549+00:00,2.2584868
2025-07-22 12:58:51.533862+00:00,2.2584869
2025-07-22 12:59:04.440927+00:00,2.2584869
2025-07-22 12:59:16.180138+00:00,2.258487
2025-07-22 12:59:31.202099+00:00,2.2584867
2025-07-22 12:59:41.092447+00:00,2.258487
2025-07-22 12:59:53.642407+00:00,2.2584877
2025-07-22 13:00:07.034298+00:00,2.258487
2025-07-22 13:00:19.436662+00:00,2.2584871
2025-07-22 13:00:35.746505+00:00,2.2584873
2025-07-22 13:00:45.207161+00:00,2.2584869
2025-07-22 13:00:57.611278+00:00,2.2584873
2025-07-22 13:01:10.038158+00:00,2.2584861
2025-07-22 13:01:22.600781+00:00,2.2584872
2025-07-22 13:01:47.294574+00:00,2.2584866
2025-07-22 13:01:59.426881+00:00,2.2584866
2025-07-22 13:02:11.689843+00:00,2.2584869
2025-07-22 13:02:23.781155+00:00,2.2584871
2025-07-22 13:02:36.472309+00:00,2.2584869
2025-07-22 13:02:49.031814+00:00,2.2584862
2025-07-22 13:03:01.543317+00:00,2.2584873
2025-07-22 13:03:14.065077+00:00,2.2584867
2025-07-22 13:03:27.317339+00:00,2.2584873
2025-07-22 13:03:38.779542+00:00,2.2584867
2025-07-22 13:03:51.752043+00:00,2.2584873
2025-07-22 13:04:04.992536+00:00,2.258487
2025-07-22 13:04:17.224577+00:00,2.2584868
2025-07-22 13:04:29.303345+00:00,2.2584872
2025-07-22 13:04:41.912974+00:00,2.2584872
2025-07-22 13:05:24.289338+00:00,2.2584873
2025-07-22 13:05:33.268827+00:00,2.2584866
2025-07-22 13:05:56.478488+00:00,2.258487
2025-07-22 13:06:21.597127+00:00,2.2584874
2025-07-22 13:08:39.773268+00:00,2.2584865
2025-07-22 13:10:21.527340+00:00,2.2584872
2025-07-22 13:10:36.113243+00:00,2.2584868
2025-07-22 13:11:11.740190+00:00,2.2584873
2025-07-22 13:11:49.961243+00:00,2.2584866
2025-07-22 16:55:35.923442+00:00,2.2584869
2025-07-22 16:55:49.940784+00:00,2.2584864
2025-07-22 16:56:01.743157+00:00,2.2584872
2025-07-22 16:56:16.851689+00:00,2.2584871
2025-07-22 16:56:27.626858+00:00,2.2584868
2025-07-22 16:56:40.996671+00:00,2.258487
2025-07-22 16:57:06.994188+00:00,2.2584868
2025-07-22 16:57:19.203501+00:00,2.2584874
2025-07-22 16:57:56.639098+00:00,2.2584868
2025-07-22 16:58:10.466447+00:00,2.2584867
2025-07-22 16:58:22.010227+00:00,2.2584868
2025-07-22 16:58:36.720038+00:00,2.2584871
2025-07-22 16:59:00.117833+00:00,2.2584865
2025-07-22 16:59:25.401667+00:00,2.2584871
2025-07-22 16:59:49.979889+00:00,2.2584871
2025-07-22 17:00:27.997398+00:00,2.2584874
2025-07-22 17:00:42.432261+00:00,2.2584873
2025-07-22 17:00:52.817885+00:00,2.258487
2025-07-22 17:01:08.124122+00:00,2.2584873
2025-07-22 17:01:19.635666+00:00,2.258487
2025-07-22 17:01:31.426732+00:00,2.2584871
2025-07-22 17:01:47.225243+00:00,2.2584873
2025-07-22 17:01:56.815335+00:00,2.2584876
2025-07-22 17:02:21.664571+00:00,2.2584873
2025-07-22 17:02:33.924595+00:00,2.2584873
2025-07-22 17:02:47.449422+00:00,2.2584867
2025-07-22 17:02:59.250928+00:00,2.2584868
2025-07-22 17:03:12.924381+00:00,2.2584874
2025-07-22 17:03:24.810984+00:00,2.2584869
2025-07-22 17:03:37.201426+00:00,2.2584873
2025-07-22 17:03:51.215658+00:00,2.2584868
2025-07-22 17:04:02.790272+00:00,2.258487
2025-07-22 17:04:15.914401+00:00,2.2584879
2025-07-22 17:04:27.939035+00:00,2.2584877
2025-07-22 17:04:40.374589+00:00,2.2584874
2025-07-22 17:04:53.392457+00:00,2.2584872
2025-07-22 17:05:06.725092+00:00,2.2584865
2025-07-22 17:05:18.528453+00:00,2.2584869
2025-07-22 17:05:30.976349+00:00,2.2584867
2025-07-22 17:05:43.121854+00:00,2.2584873
2025-07-22 17:05:55.999424+00:00,2.2584865
2025-07-22 17:06:08.871687+00:00,2.2584875
2025-07-22 17:06:21.344846+00:00,2.2584867
2025-07-22 17:06:33.613052+00:00,2.2584869
2025-07-22 17:06:46.537083+00:00,2.2584876
2025-07-22 17:06:59.722841+00:00,2.2584867
2025-07-22 17:07:11.579093+00:00,2.2584875
2025-07-22 17:07:24.877850+00:00,2.2584869
2025-07-22 17:07:37.904108+00:00,2.2584877
2025-07-22 17:07:50.181156+00:00,2.2584873
2025-07-22 17:08:03.325010+00:00,2.2584874
2025-07-22 17:08:16.368198+00:00,2.2584865
2025-07-22 17:08:29.037383+00:00,2.2584867
2025-07-22 17:08:42.142526+00:00,2.2584876
2025-07-22 17:08:55.085374+00:00,2.2584867
2025-07-22 17:09:09.634666+00:00,2.2584868
2025-07-22 17:09:20.598389+00:00,2.2584868
2025-07-22 17:09:46.065347+00:00,2.2584866
2025-07-22 17:09:58.770671+00:00,2.258487
2025-07-22 17:10:13.379515+00:00,2.2584877
2025-07-22 17:10:26.356377+00:00,2.2584872
2025-07-22 17:10:39.022590+00:00,2.2584868
2025-07-22 17:10:50.335232+00:00,2.2584875
2025-07-22 17:11:02.736045+00:00,2.2584869
2025-07-22 17:11:15.202506+00:00,2.2584878
2025-07-22 17:11:27.965304+00:00,2.2584872
2025-07-22 17:11:40.217187+00:00,2.2584873
2025-07-22 17:11:52.842867+00:00,2.2584869
2025-07-22 17:12:06.073327+00:00,2.258487
2025-07-22 17:12:18.791834+00:00,2.2584874
2025-07-22 17:12:29.822082+00:00,2.2584871
2025-07-22 17:12:42.501452+00:00,2.2584873
2025-07-22 17:12:55.095819+00:00,2.2584873
2025-07-22 17:13:11.872853+00:00,2.2584871
2025-07-22 17:13:20.601516+00:00,2.2584872
2025-07-22 17:13:33.938392+00:00,2.2584873
2025-07-22 17:13:46.141800+00:00,2.2584871
2025-07-22 17:13:58.254768+00:00,2.2584872
2025-07-22 17:14:13.588142+00:00,2.2584867
2025-07-22 17:14:24.221850+00:00,2.2584873
2025-07-22 17:14:35.957989+00:00,2.2584875
2025-07-22 17:14:48.599727+00:00,2.2584867
2025-07-22 17:15:01.631324+00:00,2.2584867
2025-07-22 17:15:14.160743+00:00,2.2584872
2025-07-22 17:15:27.198108+00:00,2.2584873
2025-07-22 17:15:40.209220+00:00,2.2584869
2025-07-22 17:15:52.117829+00:00,2.2584867
2025-07-22 17:16:05.706559+00:00,2.2584869
2025-07-22 17:16:20.642727+00:00,2.2584871
2025-07-22 17:16:29.759820+00:00,2.2584871
2025-07-22 17:16:42.771352+00:00,2.2584874
2025-07-22 17:16:55.941696+00:00,2.2584878
2025-07-22 17:17:08.571286+00:00,2.2584872
2025-07-22 17:17:20.929951+00:00,2.2584869
2025-07-22 17:17:33.817388+00:00,2.2584868
2025-07-22 17:17:47.162681+00:00,2.2584867
2025-07-22 17:17:59.125337+00:00,2.2584871
2025-07-22 17:18:12.150247+00:00,2.2584869
2025-07-22 17:18:24.440285+00:00,2.258487
2025-07-22 17:18:37.143903+00:00,2.2584871
2025-07-22 17:19:02.261856+00:00,2.2584869
2025-07-22 17:19:14.668015+00:00,2.2584872
2025-07-22 17:19:27.327715+00:00,2.2584874
2025-07-22 17:19:39.963994+00:00,2.2584868
2025-07-22 17:19:52.840166+00:00,2.2584869
2025-07-22 17:20:05.791031+00:00,2.2584871
2025-07-22 17:20:18.740104+00:00,2.2584871
2025-07-22 17:20:31.879179+00:00,2.2584866
2025-07-22 17:20:44.867959+00:00,2.2584869
2025-07-22 17:20:59.061264+00:00,2.258487
2025-07-22 17:21:10.320695+00:00,2.258487
2025-07-22 17:21:23.599355+00:00,2.258487
2025-07-22 17:21:35.666882+00:00,2.2584875
2025-07-22 17:21:49.572705+00:00,2.258487
2025-07-22 17:22:02.039353+00:00,2.2584871
2025-07-22 17:22:14.254272+00:00,2.2584871
2025-07-22 17:22:26.920046+00:00,2.2584873
2025-07-22 17:22:39.987524+00:00,2.2584874
2025-07-22 17:23:05.519131+00:00,2.2584872
2025-07-22 17:23:19.444019+00:00,2.2584878
2025-07-22 17:23:32.242075+00:00,2.2584873
2025-07-22 17:23:44.582851+00:00,2.2584871
2025-07-22 17:23:56.156695+00:00,2.2584877
2025-07-22 17:24:08.808686+00:00,2.2584871
2025-07-22 17:24:21.057472+00:00,2.2584872
2025-07-22 17:24:33.501837+00:00,2.2584872
2025-07-22 17:24:46.736018+00:00,2.2584872
2025-07-22 17:24:58.351017+00:00,2.2584868
2025-07-22 17:25:11.281217+00:00,2.2584871
2025-07-22 17:25:24.263880+00:00,2.2584871
2025-07-22 17:25:36.239552+00:00,2.2584875
2025-07-22 17:25:48.659241+00:00,2.2584876
2025-07-22 17:26:01.424793+00:00,2.2584876
2025-07-22 17:26:14.083636+00:00,2.258487
2025-07-22 17:26:26.660103+00:00,2.2584873
2025-07-22 17:26:39.451956+00:00,2.2584867
2025-07-22 17:26:51.971964+00:00,2.2584871
2025-07-22 17:27:06.198632+00:00,2.2584874
2025-07-22 17:27:17.653143+00:00,2.2584872
2025-07-22 17:27:29.622750+00:00,2.2584869
2025-07-22 17:27:42.320582+00:00,2.2584874
2025-07-22 17:27:54.861695+00:00,2.2584872
2025-07-22 17:28:08.084048+00:00,2.2584869
2025-07-22 17:28:20.079566+00:00,2.2584869
2025-07-22 17:28:33.100580+00:00,2.2584868
2025-07-22 17:28:51.726054+00:00,2.2584874
2025-07-22 17:28:59.188729+00:00,2.2584873
2025-07-22 17:29:12.119415+00:00,2.2584868
2025-07-22 17:29:23.086683+00:00,2.2584871
2025-07-22 17:29:35.869183+00:00,2.2584875
2025-07-22 17:29:48.944012+00:00,2.2584871
2025-07-22 17:30:01.634329+00:00,2.2584868
2025-07-22 17:30:15.224733+00:00,2.2584866
2025-07-22 17:30:27.615808+00:00,2.2584875
2025-07-22 17:30:40.656007+00:00,2.2584875
2025-07-22 17:30:53.029889+00:00,2.2584876
2025-07-22 17:31:06.370042+00:00,2.2584866
2025-07-22 17:31:19.878254+00:00,2.2584875
2025-07-22 17:31:31.433593+00:00,2.258487
2025-07-22 17:31:44.075936+00:00,2.2584874
2025-07-22 17:31:56.606937+00:00,2.2584875
2025-07-22 17:32:10.105069+00:00,2.2584868
2025-07-22 17:32:21.880149+00:00,2.258487
2025-07-22 17:32:34.539011+00:00,2.2584871
2025-07-22 17:32:47.338019+00:00,2.2584868
2025-07-22 17:33:00.589803+00:00,2.2584866
2025-07-22 17:33:12.651857+00:00,2.2584869
2025-07-22 17:33:25.094896+00:00,2.2584874
2025-07-22 17:33:37.536291+00:00,2.2584877
2025-07-22 17:33:49.942549+00:00,2.2584868
2025-07-22 17:34:02.458836+00:00,2.2584869
2025-07-22 17:34:19.681042+00:00,2.2584868
2025-07-22 17:34:27.758016+00:00,2.258487
2025-07-22 17:34:39.634568+00:00,2.2584868
2025-07-22 17:34:52.529092+00:00,2.2584869
2025-07-22 17:35:05.277407+00:00,2.2584873
2025-07-22 17:35:18.362583+00:00,2.2584876
2025-07-22 17:35:31.475333+00:00,2.2584865
2025-07-22 17:35:42.925176+00:00,2.2584868
2025-07-22 17:35:56.508572+00:00,2.2584875
2025-07-22 17:36:09.809750+00:00,2.2584867
2025-07-22 17:36:20.444774+00:00,2.2584877
2025-07-22 17:36:35.018282+00:00,2.2584873
2025-07-22 17:36:46.026118+00:00,2.2584876
2025-07-22 17:36:58.559825+00:00,2.2584872
2025-07-22 17:37:11.806768+00:00,2.2584868
2025-07-22 17:37:23.754952+00:00,2.258487
2025-07-22 17:37:36.557313+00:00,2.2584876
2025-07-22 17:37:49.374435+00:00,2.2584878
2025-07-22 17:38:02.438350+00:00,2.2584869
2025-07-22 17:38:13.940097+00:00,2.2584874
2025-07-22 17:38:26.614652+00:00,2.2584871
2025-07-22 17:38:39.530618+00:00,2.2584867
2025-07-22 17:38:51.880559+00:00,2.2584875
2025-07-22 17:39:04.610141+00:00,2.2584868
2025-07-22 17:39:18.211262+00:00,2.2584871
2025-07-22 17:39:29.497266+00:00,2.2584871
2025-07-22 17:39:45.109252+00:00,2.2584873
2025-07-22 17:39:54.652663+00:00,2.2584866
2025-07-22 17:40:07.683482+00:00,2.2584874
2025-07-22 17:40:24.789974+00:00,2.2584876
2025-07-22 17:40:33.209293+00:00,2.2584869
2025-07-22 17:40:47.188762+00:00,2.2584874
2025-07-22 17:40:59.332800+00:00,2.2584866
2025-07-22 17:41:12.381907+00:00,2.2584874
2025-07-22 17:41:24.829258+00:00,2.2584872
2025-07-22 17:41:37.827070+00:00,2.2584873
2025-07-22 17:41:51.063943+00:00,2.2584874
2025-07-22 17:42:03.623359+00:00,2.2584876
2025-07-22 17:42:16.014881+00:00,2.2584874
2025-07-22 17:42:28.524619+00:00,2.2584869
2025-07-22 17:42:42.143331+00:00,2.2584875
2025-07-22 17:42:53.883418+00:00,2.258487
2025-07-22 17:43:07.028919+00:00,2.2584871
2025-07-22 17:43:19.449716+00:00,2.2584865
2025-07-22 17:43:32.702665+00:00,2.2584876
2025-07-22 17:43:47.169308+00:00,2.2584868
2025-07-22 17:43:57.481997+00:00,2.2584871
2025-07-22 17:44:10.345690+00:00,2.2584877
2025-07-22 17:44:23.169626+00:00,2.2584876
2025-07-22 17:44:34.866034+00:00,2.2584877
2025-07-22 17:44:47.026818+00:00,2.2584873
2025-07-22 17:44:59.697819+00:00,2.2584878
2025-07-22 17:45:12.220994+00:00,2.2584871
2025-07-22 17:45:24.618291+00:00,2.2584871
2025-07-22 17:45:38.884183+00:00,2.2584867
2025-07-22 17:45:49.111178+00:00,2.2584874
2025-07-22 17:46:02.208173+00:00,2.2584872
2025-07-22 17:46:14.317356+00:00,2.2584873
2025-07-22 17:46:26.773865+00:00,2.2584875
2025-07-22 17:46:40.870084+00:00,2.2584872
2025-07-22 17:46:52.147523+00:00,2.2584872
2025-07-22 17:47:05.047768+00:00,2.2584876
2025-07-22 17:47:20.455926+00:00,2.2584867
2025-07-22 17:47:30.529562+00:00,2.2584871
2025-07-22 17:47:42.784542+00:00,2.2584872
2025-07-22 17:47:55.529035+00:00,2.2584866
2025-07-22 17:48:08.403266+00:00,2.2584875
2025-07-22 17:48:20.644814+00:00,2.2584876
2025-07-22 17:48:33.504048+00:00,2.2584874
2025-07-22 17:48:49.419338+00:00,2.2584876
2025-07-22 17:48:57.952784+00:00,2.2584874
2025-07-22 17:49:10.741416+00:00,2.2584873
2025-07-22 17:49:23.029913+00:00,2.2584871
2025-07-22 17:49:35.919867+00:00,2.2584876
2025-07-22 17:49:48.901657+00:00,2.2584873
2025-07-22 17:50:01.589864+00:00,2.2584866
2025-07-22 17:50:14.234256+00:00,2.2584879
2025-07-22 17:50:26.483940+00:00,2.2584873
2025-07-22 17:50:43.835507+00:00,2.2584871
2025-07-22 17:50:52.915862+00:00,2.2584877
2025-07-22 17:51:05.009056+00:00,2.2584872
2025-07-22 17:51:20.275685+00:00,2.258487
2025-07-22 17:51:30.590959+00:00,2.2584875
2025-07-22 17:51:43.591912+00:00,2.2584872
2025-07-22 17:51:57.844252+00:00,2.2584872
2025-07-22 17:52:09.335525+00:00,2.2584866
2025-07-22 17:52:21.715185+00:00,2.2584874
2025-07-22 17:52:34.165062+00:00,2.2584872
2025-07-22 17:52:50.564096+00:00,2.258487
2025-07-22 17:52:59.412387+00:00,2.2584875
2025-07-22 17:53:12.492940+00:00,2.2584874
2025-07-22 17:53:27.451085+00:00,2.258487
2025-07-22 17:53:37.977707+00:00,2.2584871
2025-07-22 17:53:50.762629+00:00,2.2584873
2025-07-22 17:54:03.671031+00:00,2.2584879
2025-07-22 17:54:16.494287+00:00,2.2584868
2025-07-22 17:54:29.277829+00:00,2.2584869
2025-07-22 17:54:41.262232+00:00,2.2584876
2025-07-22 17:54:53.591472+00:00,2.2584875
2025-07-22 17:55:07.085316+00:00,2.2584872
2025-07-22 17:55:22.466174+00:00,2.2584875
2025-07-22 17:55:31.794700+00:00,2.2584873
2025-07-22 17:55:44.459739+00:00,2.258487
2025-07-22 17:55:56.827577+00:00,2.2584869
2025-07-22 17:56:09.752948+00:00,2.2584877
2025-07-22 17:56:22.359292+00:00,2.2584875
2025-07-22 17:56:34.602877+00:00,2.258487
2025-07-22 17:56:47.533595+00:00,2.2584876
2025-07-22 17:56:59.728394+00:00,2.2584875
2025-07-22 17:57:12.792427+00:00,2.2584879
2025-07-22 17:57:24.976435+00:00,2.2584876
2025-07-22 17:57:37.820758+00:00,2.2584872
2025-07-22 17:57:50.392505+00:00,2.2584872
2025-07-22 17:58:03.105334+00:00,2.2584866
2025-07-22 17:58:17.121800+00:00,2.2584874
2025-07-22 17:58:27.766318+00:00,2.2584872
2025-07-22 17:58:40.071829+00:00,2.2584873
2025-07-22 17:58:52.499788+00:00,2.2584868
2025-07-22 17:59:05.875575+00:00,2.2584876
2025-07-22 17:59:21.541888+00:00,2.2584873
2025-07-22 17:59:31.563833+00:00,2.2584872
2025-07-22 17:59:44.088251+00:00,2.2584871
2025-07-22 17:59:57.416987+00:00,2.2584873
2025-07-22 18:00:10.398258+00:00,2.2584877
2025-07-22 18:00:23.537756+00:00,2.2584869
2025-07-22 18:00:36.492540+00:00,2.2584874
2025-07-22 18:00:50.266806+00:00,2.258487
2025-07-22 18:01:02.035916+00:00,2.2584874
2025-07-22 18:01:14.378547+00:00,2.2584874
2025-07-22 18:01:32.894422+00:00,2.2584872
2025-07-22 18:01:40.377306+00:00,2.258487
2025-07-22 18:01:54.321075+00:00,2.2584871
2025-07-22 18:02:06.134430+00:00,2.258487
2025-07-22 18:02:18.558846+00:00,2.2584872
2025-07-22 18:02:31.097928+00:00,2.2584872
2025-07-22 18:02:48.270646+00:00,2.2584869
2025-07-22 18:02:57.321513+00:00,2.2584871
2025-07-22 18:03:15.089792+00:00,2.2584868
2025-07-22 18:03:20.394407+00:00,2.2584876
2025-07-22 18:03:32.859103+00:00,2.2584873
2025-07-22 18:03:45.862958+00:00,2.2584873
2025-07-22 18:03:57.570832+00:00,2.2584872
2025-07-22 18:04:10.554711+00:00,2.2584877
2025-07-22 18:04:22.936697+00:00,2.2584872
2025-07-22 18:04:35.443531+00:00,2.2584866
2025-07-22 18:04:48.433635+00:00,2.2584874
2025-07-22 18:05:01.510429+00:00,2.2584869
2025-07-22 18:05:13.767544+00:00,2.258487
2025-07-22 18:05:28.256569+00:00,2.2584877
2025-07-22 18:05:38.359575+00:00,2.2584871
2025-07-22 18:05:50.776459+00:00,2.258487
2025-07-22 18:06:03.625820+00:00,2.2584877
2025-07-22 18:06:18.143470+00:00,2.2584877
2025-07-22 18:06:28.216787+00:00,2.2584871
2025-07-22 18:06:43.723489+00:00,2.2584875
2025-07-22 18:06:54.016660+00:00,2.2584871
2025-07-22 18:07:06.867669+00:00,2.2584874
2025-07-22 18:07:19.875335+00:00,2.2584877
2025-07-22 18:07:31.814786+00:00,2.2584871
2025-07-22 18:07:44.197704+00:00,2.2584867
2025-07-22 18:07:56.824233+00:00,2.2584871
2025-07-22 18:08:16.213469+00:00,2.2584873
2025-07-22 18:08:25.447446+00:00,2.2584872
2025-07-22 18:08:34.228905+00:00,2.2584873
2025-07-22 18:08:47.099115+00:00,2.2584871
2025-07-22 18:08:59.724011+00:00,2.2584874
2025-07-22 18:09:11.916480+00:00,2.258487
2025-07-22 18:09:24.245024+00:00,2.2584875
2025-07-22 18:09:36.336599+00:00,2.258487
2025-07-22 18:09:49.212593+00:00,2.2584873
2025-07-22 18:10:06.549708+00:00,2.2584869
2025-07-22 18:10:14.438268+00:00,2.2584871
2025-07-22 18:10:27.652769+00:00,2.2584865
2025-07-22 18:10:39.935284+00:00,2.2584873
2025-07-22 18:10:57.439997+00:00,2.2584873
2025-07-22 18:11:06.824536+00:00,2.2584874
2025-07-22 18:11:18.532702+00:00,2.2584869
2025-07-22 18:11:31.361478+00:00,2.2584872
2025-07-22 18:11:43.769595+00:00,2.2584866
2025-07-22 18:11:56.244842+00:00,2.2584874
2025-07-22 18:12:11.832910+00:00,2.258487
2025-07-22 18:12:25.393719+00:00,2.2584871
2025-07-22 18:12:35.744567+00:00,2.2584867
2025-07-22 18:12:50.168100+00:00,2.2584871
2025-07-22 18:12:59.983093+00:00,2.2584868
2025-07-22 18:13:28.380257+00:00,2.2584874
2025-07-22 18:13:37.846213+00:00,2.2584875
2025-07-22 18:13:50.211233+00:00,2.2584873
2025-07-22 18:14:04.349297+00:00,2.2584876
2025-07-22 18:14:15.934115+00:00,2.2584875
2025-07-22 18:14:28.808211+00:00,2.2584873
2025-07-22 18:14:40.357172+00:00,2.258487
2025-07-22 18:14:53.203981+00:00,2.2584868
2025-07-22 18:15:05.839228+00:00,2.2584872
2025-07-22 18:15:18.871299+00:00,2.2584874
2025-07-22 18:15:31.115099+00:00,2.258487
2025-07-22 18:15:47.385895+00:00,2.258487
2025-07-22 18:15:56.589561+00:00,2.2584872
2025-07-22 18:16:09.987944+00:00,2.2584874
2025-07-22 18:16:23.121365+00:00,2.2584867
2025-07-22 18:16:34.003904+00:00,2.2584872
2025-07-22 18:16:47.626156+00:00,2.2584872
2025-07-22 18:16:58.885548+00:00,2.2584872
2025-07-22 18:17:10.916716+00:00,2.2584868
2025-07-22 18:17:23.417405+00:00,2.2584869
2025-07-22 18:17:35.470380+00:00,2.2584869
2025-07-22 18:17:48.283189+00:00,2.2584868
2025-07-22 18:18:00.958503+00:00,2.2584873
2025-07-22 18:18:13.764319+00:00,2.2584873
2025-07-22 18:18:26.668985+00:00,2.2584875
2025-07-22 18:18:38.408111+00:00,2.2584877
2025-07-22 18:18:51.843761+00:00,2.2584868
2025-07-22 18:19:04.275628+00:00,2.2584876
2025-07-22 18:19:16.640173+00:00,2.2584879
2025-07-22 18:19:29.501836+00:00,2.2584874
2025-07-22 18:19:42.492483+00:00,2.258487
2025-07-22 18:19:55.581835+00:00,2.2584871
2025-07-22 18:20:09.596510+00:00,2.2584876
2025-07-22 18:20:21.400402+00:00,2.2584875
2025-07-22 18:20:46.770323+00:00,2.2584871
2025-07-22 18:20:59.108872+00:00,2.2584872
2025-07-22 18:21:12.960717+00:00,2.2584873
2025-07-22 18:21:25.618472+00:00,2.2584867
2025-07-22 18:21:38.366246+00:00,2.2584872
2025-07-22 18:21:50.306935+00:00,2.2584877
2025-07-22 18:22:07.585085+00:00,2.2584871
2025-07-22 18:22:16.835991+00:00,2.2584876
2025-07-22 18:22:27.911388+00:00,2.2584868
2025-07-22 18:22:40.706507+00:00,2.2584875
2025-07-22 18:22:53.006522+00:00,2.2584869
2025-07-22 18:23:07.068217+00:00,2.2584872
2025-07-22 18:23:17.998260+00:00,2.2584874
2025-07-22 18:23:31.812263+00:00,2.2584868
2025-07-22 18:23:42.427803+00:00,2.2584873
2025-07-22 18:23:55.304935+00:00,2.2584869
2025-07-22 18:24:07.983147+00:00,2.2584876
2025-07-22 18:24:20.236595+00:00,2.2584874
2025-07-22 18:24:34.673590+00:00,2.2584872
2025-07-22 18:24:46.775580+00:00,2.2584878
2025-07-22 18:24:57.930376+00:00,2.2584874
2025-07-22 18:25:11.360546+00:00,2.2584874
2025-07-22 18:25:23.831888+00:00,2.2584879
2025-07-22 18:25:36.173883+00:00,2.2584871
2025-07-22 18:25:49.902281+00:00,2.2584869
2025-07-22 18:26:02.514554+00:00,2.2584874
2025-07-22 18:26:13.728719+00:00,2.2584872
2025-07-22 18:26:26.977112+00:00,2.2584872
2025-07-22 18:26:38.448574+00:00,2.2584869
2025-07-22 18:26:51.612974+00:00,2.2584876
2025-07-22 18:27:04.463427+00:00,2.2584868
2025-07-22 18:27:16.685028+00:00,2.2584869
2025-07-22 18:27:29.698563+00:00,2.2584869
2025-07-22 18:27:41.468016+00:00,2.2584869
2025-07-22 18:27:54.577014+00:00,2.2584873
2025-07-22 18:28:07.558819+00:00,2.2584874
2025-07-22 18:28:22.725141+00:00,2.2584872
2025-07-22 18:28:32.200089+00:00,2.2584871
2025-07-22 18:28:45.142081+00:00,2.2584876
2025-07-22 18:28:58.333431+00:00,2.2584871
2025-07-22 18:29:13.860544+00:00,2.2584866
2025-07-22 18:29:23.049852+00:00,2.2584875
2025-07-22 18:29:37.413059+00:00,2.2584873
2025-07-22 18:29:49.562705+00:00,2.2584872
2025-07-22 18:30:02.289349+00:00,2.2584873
2025-07-22 18:30:14.435183+00:00,2.2584873
2025-07-22 18:30:27.246955+00:00,2.2584871
2025-07-22 18:30:39.889176+00:00,2.2584873
2025-07-22 18:30:52.487434+00:00,2.2584866
2025-07-22 18:31:05.472444+00:00,2.2584875
2025-07-22 18:31:17.805071+00:00,2.2584874
2025-07-22 18:31:30.802524+00:00,2.2584873
2025-07-22 18:31:43.255534+00:00,2.2584877
2025-07-22 18:31:55.820646+00:00,2.2584876
2025-07-22 18:32:08.944290+00:00,2.2584871
2025-07-22 18:32:21.711391+00:00,2.2584871
2025-07-22 18:32:34.185811+00:00,2.2584875
2025-07-22 18:32:46.352741+00:00,2.2584877
2025-07-22 18:32:58.628045+00:00,2.2584873
2025-07-22 18:33:10.986221+00:00,2.258488
2025-07-22 18:33:23.482278+00:00,2.2584879
2025-07-22 18:33:35.628432+00:00,2.2584875
2025-07-22 18:33:49.187678+00:00,2.2584874
2025-07-22 18:34:00.968734+00:00,2.2584871
2025-07-22 18:34:13.392052+00:00,2.2584878
2025-07-22 18:34:25.620765+00:00,2.2584874
2025-07-22 18:34:38.976938+00:00,2.2584874
2025-07-22 18:34:51.277053+00:00,2.2584873
2025-07-22 18:35:03.282334+00:00,2.2584877
2025-07-22 18:35:16.090784+00:00,2.2584877
2025-07-22 18:35:29.152680+00:00,2.2584877
2025-07-22 18:35:41.296516+00:00,2.2584873
2025-07-22 18:35:53.825914+00:00,2.2584868
2025-07-22 18:36:07.858076+00:00,2.2584876
2025-07-22 18:36:19.051295+00:00,2.2584868
2025-07-22 18:36:31.847334+00:00,2.2584872
2025-07-22 18:36:43.974862+00:00,2.2584872
2025-07-22 18:36:56.473087+00:00,2.2584867
2025-07-22 18:37:09.813396+00:00,2.2584872
2025-07-22 18:37:21.689445+00:00,2.2584875
2025-07-22 18:37:33.970864+00:00,2.2584874
2025-07-22 18:37:46.820482+00:00,2.2584871
2025-07-22 18:37:59.207822+00:00,2.2584878
2025-07-22 18:38:12.595541+00:00,2.2584875
2025-07-22 18:38:24.265292+00:00,2.2584876
2025-07-22 18:38:37.022504+00:00,2.2584869
2025-07-22 18:38:50.163474+00:00,2.2584875
2025-07-22 18:39:03.502430+00:00,2.2584874
2025-07-22 18:39:21.002300+00:00,2.2584877
2025-07-22 18:39:28.272126+00:00,2.258487
2025-07-22 18:39:40.099231+00:00,2.2584875
2025-07-22 18:39:52.778071+00:00,2.2584875
2025-07-22 18:40:06.349646+00:00,2.2584869
2025-07-22 18:40:24.766511+00:00,2.2584873
2025-07-22 18:40:30.287017+00:00,2.2584868
2025-07-22 18:40:49.597218+00:00,2.2584875
2025-07-22 18:40:54.811739+00:00,2.2584873
2025-07-22 18:41:07.742948+00:00,2.2584871
2025-07-22 18:41:20.051027+00:00,2.2584876
2025-07-22 18:41:32.884870+00:00,2.2584871
2025-07-22 18:41:45.522465+00:00,2.2584874
2025-07-22 18:41:58.026145+00:00,2.2584866
2025-07-22 18:42:11.792140+00:00,2.2584873
2025-07-22 18:42:24.141158+00:00,2.2584872
2025-07-22 18:42:36.760572+00:00,2.258487
2025-07-22 18:42:49.801212+00:00,2.2584872
2025-07-22 18:43:05.344895+00:00,2.2584877
2025-07-22 18:43:15.353841+00:00,2.2584874
2025-07-22 18:43:30.915383+00:00,2.258487
2025-07-22 18:43:41.470172+00:00,2.2584871
2025-07-22 18:43:53.684072+00:00,2.2584871
2025-07-22 18:44:06.432897+00:00,2.2584872
2025-07-22 18:44:18.930391+00:00,2.2584874
2025-07-22 18:44:32.760533+00:00,2.2584878
2025-07-22 18:44:44.551755+00:00,2.2584871
2025-07-22 18:44:56.567274+00:00,2.2584879
2025-07-22 18:45:22.635331+00:00,2.2584878
2025-07-22 18:45:37.383905+00:00,2.2584873
2025-07-22 18:45:47.795777+00:00,2.2584872
2025-07-22 18:46:00.303904+00:00,2.2584871
2025-07-22 18:46:13.262013+00:00,2.2584871
2025-07-22 18:46:25.253952+00:00,2.2584874
2025-07-22 18:46:38.846648+00:00,2.2584869
2025-07-22 18:46:50.125470+00:00,2.2584867
2025-07-22 18:47:03.822717+00:00,2.258487
2025-07-22 18:47:14.773679+00:00,2.2584878
2025-07-22 18:47:27.692854+00:00,2.2584877
2025-07-22 18:47:40.022486+00:00,2.258487
2025-07-22 18:47:52.270723+00:00,2.2584874
2025-07-22 18:48:06.289298+00:00,2.2584878
2025-07-22 18:48:17.280452+00:00,2.2584868
2025-07-22 18:48:31.232264+00:00,2.2584876
2025-07-22 18:48:43.109306+00:00,2.2584875
2025-07-22 18:48:55.074331+00:00,2.2584878
2025-07-22 18:49:14.026489+00:00,2.2584881
2025-07-22 18:49:19.541872+00:00,2.2584872
2025-07-22 18:49:32.366042+00:00,2.2584872
2025-07-22 18:49:45.460814+00:00,2.2584871
2025-07-22 18:49:57.330932+00:00,2.2584874
2025-07-22 18:50:09.826137+00:00,2.2584872
2025-07-22 18:50:22.346820+00:00,2.2584869
2025-07-22 18:50:35.298195+00:00,2.2584874
2025-07-22 18:50:48.483465+00:00,2.2584875
2025-07-22 18:51:00.248329+00:00,2.2584868
2025-07-22 18:51:12.644286+00:00,2.2584876
2025-07-22 18:51:25.079881+00:00,2.2584876
2025-07-22 18:51:37.595333+00:00,2.2584871
2025-07-22 18:51:50.899237+00:00,2.2584878
2025-07-22 18:52:02.720551+00:00,2.258487
2025-07-22 18:52:15.344107+00:00,2.2584874
2025-07-22 18:52:27.556658+00:00,2.2584872
2025-07-22 18:52:40.095149+00:00,2.2584874
2025-07-22 18:52:53.254588+00:00,2.2584876
2025-07-22 18:53:05.502854+00:00,2.2584875
2025-07-22 18:53:17.889541+00:00,2.2584874
2025-07-22 18:53:30.302196+00:00,2.258487
2025-07-22 18:53:42.490138+00:00,2.258487
2025-07-22 18:53:57.095318+00:00,2.2584875
2025-07-22 18:54:08.860482+00:00,2.2584878
2025-07-22 18:54:21.207522+00:00,2.2584874
2025-07-22 18:54:35.291818+00:00,2.2584872
2025-07-22 18:54:47.964219+00:00,2.2584868
2025-07-22 18:54:59.951551+00:00,2.2584872
2025-07-22 18:55:12.756685+00:00,2.2584874
2025-07-22 18:55:25.206573+00:00,2.2584876
2025-07-22 18:55:37.812283+00:00,2.2584877
2025-07-22 18:55:50.149720+00:00,2.2584874
2025-07-22 18:56:02.967113+00:00,2.2584875
2025-07-22 18:56:15.673846+00:00,2.2584874
2025-07-22 18:56:29.055971+00:00,2.2584873
2025-07-22 18:56:41.841745+00:00,2.2584869
2025-07-22 18:56:53.515024+00:00,2.2584878
2025-07-22 18:57:06.736138+00:00,2.2584874
2025-07-22 18:57:19.032915+00:00,2.2584876
2025-07-22 18:57:31.829944+00:00,2.2584868
2025-07-22 18:57:44.502742+00:00,2.2584873
2025-07-22 18:57:56.823386+00:00,2.2584868
2025-07-22 18:58:10.531964+00:00,2.2584871
2025-07-22 18:58:21.889893+00:00,2.2584871
2025-07-22 18:58:33.816524+00:00,2.2584874
2025-07-22 18:58:46.488363+00:00,2.2584874
2025-07-22 18:58:58.325591+00:00,2.2584873
2025-07-22 18:59:10.822374+00:00,2.2584869
2025-07-22 18:59:23.241410+00:00,2.2584871
2025-07-22 18:59:36.373639+00:00,2.2584871
2025-07-22 18:59:49.320513+00:00,2.2584877
2025-07-22 19:00:00.634568+00:00,2.258487
2025-07-22 19:00:13.253014+00:00,2.258487
2025-07-22 19:00:26.474744+00:00,2.2584877
2025-07-22 19:00:38.910806+00:00,2.2584872
2025-07-22 19:00:50.682776+00:00,2.2584875
2025-07-22 19:01:03.826260+00:00,2.2584878
2025-07-22 19:01:16.036237+00:00,2.2584872
2025-07-22 19:01:28.952313+00:00,2.2584877
2025-07-22 19:01:43.928963+00:00,2.2584875
2025-07-22 19:01:52.842921+00:00,2.2584872
2025-07-22 19:02:05.206523+00:00,2.2584867
2025-07-22 19:02:20.541907+00:00,2.2584878
2025-07-22 19:02:30.240418+00:00,2.2584875
2025-07-22 19:02:42.337094+00:00,2.258488
2025-07-22 19:02:56.137819+00:00,2.2584869
2025-07-22 19:03:07.858103+00:00,2.2584876
2025-07-22 19:03:21.040731+00:00,2.2584871
2025-07-22 19:03:32.803077+00:00,2.2584875
2025-07-22 19:03:45.369754+00:00,2.2584875
2025-07-22 19:03:57.460758+00:00,2.258488
2025-07-22 19:04:10.520505+00:00,2.2584877
2025-07-22 19:04:23.270916+00:00,2.2584875
2025-07-22 19:04:35.698326+00:00,2.258487
2025-07-22 19:04:47.354226+00:00,2.2584872
2025-07-22 19:04:59.673165+00:00,2.2584872
2025-07-22 19:05:12.450472+00:00,2.2584875
2025-07-22 19:05:25.036740+00:00,2.2584874
2025-07-22 19:05:37.339459+00:00,2.2584876
2025-07-22 19:05:49.776998+00:00,2.2584872
2025-07-22 19:06:03.493800+00:00,2.2584876
2025-07-22 19:06:14.563669+00:00,2.2584872
2025-07-22 19:06:29.482229+00:00,2.2584869
2025-07-22 19:06:39.981704+00:00,2.2584869
2025-07-22 19:06:52.729494+00:00,2.2584879
2025-07-22 19:07:06.765276+00:00,2.2584872
2025-07-22 19:07:19.186915+00:00,2.2584872
2025-07-22 19:07:31.510150+00:00,2.2584866
2025-07-22 19:07:44.340238+00:00,2.2584876
2025-07-22 19:07:57.211067+00:00,2.2584877
2025-07-22 19:08:13.292648+00:00,2.2584869
2025-07-22 19:08:22.466802+00:00,2.2584872
2025-07-22 19:08:36.784685+00:00,2.2584876
2025-07-22 19:08:47.896876+00:00,2.2584874
2025-07-22 19:09:01.002715+00:00,2.2584871
2025-07-22 19:09:17.758488+00:00,2.2584879
2025-07-22 19:09:25.855903+00:00,2.2584875
2025-07-22 19:09:39.543947+00:00,2.258487
2025-07-22 19:09:51.441309+00:00,2.2584872
2025-07-22 19:10:04.009998+00:00,2.2584873
2025-07-22 19:10:29.369869+00:00,2.2584879
2025-07-22 19:10:41.523127+00:00,2.258487
2025-07-22 19:10:53.489514+00:00,2.2584878
2025-07-22 19:11:07.425361+00:00,2.2584874
2025-07-22 19:11:18.859303+00:00,2.2584874
2025-07-22 19:11:31.458062+00:00,2.2584871
2025-07-22 19:11:43.421764+00:00,2.2584875
2025-07-22 19:11:56.072974+00:00,2.2584871
2025-07-22 19:12:08.843434+00:00,2.2584876
2025-07-22 19:12:21.999319+00:00,2.2584877
2025-07-22 19:12:34.539449+00:00,2.2584877
2025-07-22 19:12:46.549225+00:00,2.258487
2025-07-22 19:12:58.781912+00:00,2.2584872
2025-07-22 19:13:11.443843+00:00,2.2584876
2025-07-22 19:13:24.018847+00:00,2.2584878
2025-07-22 19:13:37.547106+00:00,2.2584878
2025-07-22 19:13:49.752733+00:00,2.2584872
2025-07-22 19:14:02.006273+00:00,2.2584873
2025-07-22 19:14:14.285121+00:00,2.2584876
2025-07-22 19:14:27.915192+00:00,2.2584876
2025-07-22 19:14:39.226277+00:00,2.258487
2025-07-22 19:14:51.679496+00:00,2.2584874
2025-07-22 19:15:04.361259+00:00,2.2584876
2025-07-22 19:15:30.120190+00:00,2.2584873
2025-07-22 19:15:42.724525+00:00,2.2584876
2025-07-22 19:15:59.454544+00:00,2.2584869
2025-07-22 19:16:11.847221+00:00,2.2584875
2025-07-22 19:16:19.708273+00:00,2.258487
2025-07-22 19:16:32.611064+00:00,2.2584877
2025-07-22 19:16:44.883076+00:00,2.2584874
2025-07-22 19:16:57.627895+00:00,2.2584872
2025-07-22 19:17:10.750439+00:00,2.2584875
2025-07-22 19:17:23.758432+00:00,2.2584867
2025-07-22 19:17:36.094770+00:00,2.2584879
2025-07-22 19:17:49.080424+00:00,2.2584874
2025-07-22 19:18:02.112099+00:00,2.2584869
2025-07-22 19:18:14.910543+00:00,2.2584873
2025-07-22 19:18:26.891041+00:00,2.2584872
2025-07-22 19:18:39.699204+00:00,2.2584873
2025-07-22 19:18:52.230953+00:00,2.2584874
2025-07-22 19:19:04.981888+00:00,2.258488
2025-07-22 19:19:17.881101+00:00,2.2584869
2025-07-22 19:19:30.705224+00:00,2.2584872
2025-07-22 19:19:50.440037+00:00,2.2584871
2025-07-22 19:19:55.381508+00:00,2.2584873
2025-07-22 19:20:08.920324+00:00,2.2584863
2025-07-22 19:20:20.762411+00:00,2.2584881
2025-07-22 19:20:33.249542+00:00,2.2584871
2025-07-22 19:20:45.842757+00:00,2.258487
2025-07-22 19:20:58.046139+00:00,2.2584876
2025-07-22 19:21:10.915695+00:00,2.2584873
2025-07-22 19:21:22.906589+00:00,2.2584872
2025-07-22 19:21:36.754712+00:00,2.2584877
2025-07-22 19:21:49.011824+00:00,2.2584874
2025-07-22 19:22:00.458410+00:00,2.2584867
2025-07-22 19:22:13.384963+00:00,2.2584876
2025-07-22 19:22:25.209591+00:00,2.2584874
2025-07-22 19:22:37.444961+00:00,2.258487
2025-07-22 19:22:50.193656+00:00,2.2584873
2025-07-22 19:23:03.124885+00:00,2.2584874
2025-07-22 19:23:15.941584+00:00,2.2584876
2025-07-22 19:23:27.275886+00:00,2.2584872
2025-07-22 19:23:39.582746+00:00,2.2584873
2025-07-22 19:23:52.350239+00:00,2.2584872
2025-07-22 19:24:05.109514+00:00,2.2584877
2025-07-22 19:24:17.094013+00:00,2.2584871
2025-07-22 19:24:29.332898+00:00,2.2584874
2025-07-22 19:24:41.784096+00:00,2.2584875
2025-07-22 19:24:54.434431+00:00,2.2584877
2025-07-22 19:25:07.145233+00:00,2.2584875
2025-07-22 19:25:19.701671+00:00,2.2584873
2025-07-22 19:25:32.255470+00:00,2.2584876
2025-07-22 19:25:44.466496+00:00,2.2584877
2025-07-22 19:25:57.388220+00:00,2.2584869
2025-07-22 19:26:13.105832+00:00,2.2584871
2025-07-22 19:26:22.176148+00:00,2.2584874
2025-07-22 19:26:38.136299+00:00,2.2584881
2025-07-22 19:26:49.097723+00:00,2.2584878
2025-07-22 19:26:59.572204+00:00,2.2584875
2025-07-22 19:27:12.668938+00:00,2.2584872
2025-07-22 19:27:25.313692+00:00,2.2584876
2025-07-22 19:27:37.205333+00:00,2.2584869
2025-07-22 19:27:49.985332+00:00,2.2584875
2025-07-22 19:28:02.471560+00:00,2.2584874
2025-07-22 19:28:14.581129+00:00,2.2584876
2025-07-22 19:28:27.371215+00:00,2.2584875
2025-07-22 19:28:40.178035+00:00,2.2584875
2025-07-22 19:28:52.471013+00:00,2.2584876
2025-07-22 19:29:05.290128+00:00,2.2584875
2025-07-22 19:29:19.514718+00:00,2.2584875
2025-07-22 19:29:30.998617+00:00,2.258487
2025-07-22 19:29:43.809802+00:00,2.2584878
2025-07-22 19:29:56.478295+00:00,2.2584876
2025-07-22 19:30:11.189366+00:00,2.2584876
2025-07-22 19:30:25.492096+00:00,2.2584872
2025-07-22 19:30:35.248815+00:00,2.2584868
2025-07-22 19:30:47.776262+00:00,2.2584877
2025-07-22 19:31:01.077200+00:00,2.2584871
2025-07-22 19:31:12.872318+00:00,2.2584873
2025-07-22 19:31:26.376234+00:00,2.2584874
2025-07-22 19:31:37.899301+00:00,2.2584879
2025-07-22 19:31:50.585349+00:00,2.2584875
2025-07-22 19:32:07.094532+00:00,2.2584875
2025-07-22 19:32:16.121777+00:00,2.258487
2025-07-22 19:32:28.142199+00:00,2.2584877
2025-07-22 19:32:41.617023+00:00,2.2584872
2025-07-22 19:32:53.172051+00:00,2.2584873
2025-07-22 19:33:06.040210+00:00,2.258487
2025-07-22 19:33:19.342192+00:00,2.2584878
2025-07-22 19:33:30.358440+00:00,2.2584876
2025-07-22 19:33:42.512697+00:00,2.2584873
2025-07-22 19:33:54.838975+00:00,2.2584874
2025-07-22 19:34:07.535302+00:00,2.2584877
2025-07-22 19:34:19.787276+00:00,2.2584879
2025-07-22 19:34:32.240128+00:00,2.2584874
2025-07-22 19:34:44.462158+00:00,2.2584875
2025-07-22 19:34:57.097722+00:00,2.2584872
2025-07-22 19:35:14.898445+00:00,2.2584874
2025-07-22 19:35:30.022401+00:00,2.2584878
2025-07-22 19:35:34.610117+00:00,2.2584873
2025-07-22 19:35:47.486223+00:00,2.2584879
2025-07-22 19:35:59.589238+00:00,2.2584868
2025-07-22 19:36:12.693644+00:00,2.2584878
2025-07-22 19:36:24.827127+00:00,2.2584877
2025-07-22 19:36:37.603187+00:00,2.2584876
2025-07-22 19:36:50.617931+00:00,2.2584869
2025-07-22 19:37:02.969020+00:00,2.2584867
2025-07-22 19:37:15.586016+00:00,2.2584875
2025-07-22 19:37:27.557864+00:00,2.2584879
2025-07-22 19:37:40.093716+00:00,2.2584877
2025-07-22 19:37:52.180773+00:00,2.2584877
2025-07-22 19:38:05.677827+00:00,2.2584875
2025-07-22 19:38:20.569786+00:00,2.2584868
2025-07-22 19:38:29.788076+00:00,2.2584871
2025-07-22 19:38:42.309509+00:00,2.258487
2025-07-22 19:38:54.406704+00:00,2.2584873
2025-07-22 19:39:08.265479+00:00,2.2584874
2025-07-22 19:39:20.208532+00:00,2.258487
2025-07-22 19:39:32.808073+00:00,2.2584875
2025-07-22 19:39:44.709185+00:00,2.2584878
2025-07-22 19:39:57.121864+00:00,2.2584876
2025-07-22 19:40:11.999182+00:00,2.258487
2025-07-22 19:40:22.559281+00:00,2.2584872
2025-07-22 19:40:35.851358+00:00,2.2584875
2025-07-22 19:40:47.952223+00:00,2.2584868
2025-07-22 19:41:02.019875+00:00,2.2584863
2025-07-22 19:41:13.730658+00:00,2.2584877
2025-07-22 19:41:28.569064+00:00,2.258487
2025-07-22 19:41:39.166791+00:00,2.2584876
2025-07-22 19:41:51.961893+00:00,2.2584869
2025-07-22 19:42:06.204057+00:00,2.2584875
2025-07-22 19:42:19.162391+00:00,2.2584874
2025-07-22 19:42:30.770862+00:00,2.2584879
2025-07-22 19:42:44.785819+00:00,2.2584874
2025-07-22 19:42:57.084505+00:00,2.2584871
2025-07-22 19:43:09.947476+00:00,2.2584876
2025-07-22 19:43:20.514823+00:00,2.2584874
2025-07-22 19:43:33.968747+00:00,2.2584876
2025-07-22 19:43:46.229206+00:00,2.2584876
2025-07-22 19:43:58.937037+00:00,2.2584872
2025-07-22 19:44:10.937032+00:00,2.2584875
2025-07-22 19:44:23.019170+00:00,2.2584876
2025-07-22 19:44:35.469582+00:00,2.2584876
2025-07-22 19:44:48.714071+00:00,2.2584875
2025-07-22 19:45:07.966631+00:00,2.258487
2025-07-22 19:45:12.958941+00:00,2.2584873
2025-07-22 19:45:25.932493+00:00,2.2584871
2025-07-22 19:45:38.013171+00:00,2.2584877
2025-07-22 19:45:50.554599+00:00,2.2584877
2025-07-22 19:46:03.107891+00:00,2.2584873
2025-07-22 19:46:17.798780+00:00,2.2584877
2025-07-22 19:46:36.934444+00:00,2.2584873
2025-07-22 19:46:40.545716+00:00,2.2584872
2025-07-22 19:46:53.321765+00:00,2.2584867
2025-07-22 19:47:06.181496+00:00,2.2584877
2025-07-22 19:47:19.211758+00:00,2.2584881
2025-07-22 19:47:31.256684+00:00,2.2584873
2025-07-22 19:47:43.326172+00:00,2.2584878
2025-07-22 19:47:55.956355+00:00,2.2584881
2025-07-22 19:48:08.332497+00:00,2.2584872
2025-07-22 19:48:20.974911+00:00,2.2584879
2025-07-22 19:48:33.792107+00:00,2.2584876
2025-07-22 19:48:46.406538+00:00,2.2584879
2025-07-22 19:48:58.665009+00:00,2.2584871
2025-07-22 19:49:12.859593+00:00,2.258488
2025-07-22 19:49:25.889685+00:00,2.2584867
2025-07-22 19:49:36.903038+00:00,2.2584871
2025-07-22 19:49:50.079850+00:00,2.2584872
2025-07-22 19:50:03.075435+00:00,2.2584874
2025-07-22 19:50:22.001110+00:00,2.2584875
2025-07-22 19:50:28.508093+00:00,2.2584878
2025-07-22 19:50:40.398523+00:00,2.2584876
2025-07-22 19:50:53.062150+00:00,2.2584877
2025-07-22 19:51:05.817159+00:00,2.2584878
2025-07-22 19:51:18.224770+00:00,2.2584877
2025-07-22 19:51:35.040716+00:00,2.258488
2025-07-22 19:51:43.378765+00:00,2.2584874
2025-07-22 19:51:56.035723+00:00,2.2584872
2025-07-22 19:52:08.366230+00:00,2.2584872
2025-07-22 19:52:20.725681+00:00,2.2584874
2025-07-22 19:52:34.074292+00:00,2.258487
2025-07-22 19:52:45.881237+00:00,2.2584879
2025-07-22 19:52:58.537944+00:00,2.2584875
2025-07-22 19:53:10.766244+00:00,2.258488
2025-07-22 19:53:22.852961+00:00,2.2584873
2025-07-22 19:53:35.648710+00:00,2.2584874
2025-07-22 19:53:47.982953+00:00,2.2584874
2025-07-22 19:54:01.203355+00:00,2.2584878
2025-07-22 19:54:13.722228+00:00,2.2584879
2025-07-22 19:54:26.266770+00:00,2.2584877
2025-07-22 19:54:40.571137+00:00,2.258487
2025-07-22 19:54:50.938232+00:00,2.2584874
2025-07-22 19:55:10.016338+00:00,2.2584878
2025-07-22 19:55:17.667239+00:00,2.2584875
2025-07-22 19:55:29.424507+00:00,2.2584873
2025-07-22 19:55:42.578323+00:00,2.2584881
2025-07-22 19:55:54.639955+00:00,2.2584876
2025-07-22 19:56:20.618197+00:00,2.2584876
2025-07-22 19:56:33.426794+00:00,2.2584871
2025-07-22 19:56:44.943895+00:00,2.2584872
2025-07-22 19:56:57.831388+00:00,2.2584877
2025-07-22 19:57:10.016126+00:00,2.2584875
2025-07-22 19:57:24.964216+00:00,2.2584876
2025-07-22 19:57:34.754694+00:00,2.2584875
2025-07-22 19:57:47.623208+00:00,2.258488
2025-07-22 19:57:59.738563+00:00,2.2584877
2025-07-22 19:58:13.026920+00:00,2.2584874
2025-07-22 19:58:24.790582+00:00,2.2584877
2025-07-22 19:58:37.963696+00:00,2.2584874
2025-07-22 19:58:50.168418+00:00,2.2584874
2025-07-22 19:59:04.460818+00:00,2.2584871
2025-07-22 19:59:15.953951+00:00,2.2584875
2025-07-22 19:59:28.706959+00:00,2.2584878
2025-07-22 19:59:41.626071+00:00,2.2584879
2025-07-22 19:59:52.890713+00:00,2.2584878
2025-07-22 20:00:05.585877+00:00,2.2584878
2025-07-22 20:00:19.335126+00:00,2.258487
2025-07-22 20:00:30.509564+00:00,2.2584869
2025-07-22 20:00:48.835445+00:00,2.2584878
2025-07-22 20:00:54.977478+00:00,2.2584871
2025-07-22 20:01:07.643995+00:00,2.2584872
2025-07-22 20:01:19.596625+00:00,2.2584872
2025-07-22 20:01:32.618118+00:00,2.2584881
2025-07-22 20:01:44.823045+00:00,2.2584878
2025-07-22 20:01:57.159696+00:00,2.2584872
2025-07-22 20:02:10.433503+00:00,2.2584874
2025-07-22 20:02:22.826352+00:00,2.2584879
2025-07-22 20:02:35.733087+00:00,2.258488
2025-07-22 20:02:48.643013+00:00,2.2584876
2025-07-22 20:03:03.215021+00:00,2.2584872
2025-07-22 20:03:13.861315+00:00,2.2584875
2025-07-22 20:03:26.707665+00:00,2.2584873
2025-07-22 20:03:39.307171+00:00,2.2584878
2025-07-22 20:03:52.045387+00:00,2.258487
2025-07-22 20:04:04.989604+00:00,2.2584872
2025-07-22 20:04:17.888144+00:00,2.2584881
2025-07-22 20:04:30.295908+00:00,2.2584881
2025-07-22 20:04:42.689420+00:00,2.2584875
2025-07-22 20:04:58.282461+00:00,2.2584874
2025-07-22 20:05:08.638368+00:00,2.2584874
2025-07-22 20:05:21.210877+00:00,2.2584873
2025-07-22 20:05:36.670078+00:00,2.2584875
2025-07-22 20:05:46.710876+00:00,2.2584873
2025-07-22 20:05:59.072134+00:00,2.2584872
2025-07-22 20:06:12.040423+00:00,2.2584877
2025-07-22 20:06:23.937354+00:00,2.2584873
2025-07-22 20:06:36.274118+00:00,2.2584873
2025-07-22 20:06:48.793531+00:00,2.2584879
2025-07-22 20:07:02.212756+00:00,2.2584871
2025-07-22 20:07:16.364056+00:00,2.2584876
2025-07-22 20:07:25.811825+00:00,2.2584877
2025-07-22 20:07:38.824985+00:00,2.2584877
2025-07-22 20:07:51.766536+00:00,2.2584871
2025-07-22 20:08:04.302971+00:00,2.2584879
2025-07-22 20:08:19.002428+00:00,2.2584874
2025-07-22 20:08:29.068374+00:00,2.2584872
2025-07-22 20:08:41.567883+00:00,2.2584873
2025-07-22 20:08:53.920770+00:00,2.2584877
2025-07-22 20:09:07.344148+00:00,2.2584874
2025-07-22 20:09:19.308722+00:00,2.2584874
2025-07-22 20:09:31.890002+00:00,2.2584873
2025-07-22 20:09:44.219242+00:00,2.2584878
2025-07-22 20:09:56.902028+00:00,2.2584873
2025-07-22 20:10:10.229238+00:00,2.2584873
2025-07-22 20:10:22.173779+00:00,2.2584877
2025-07-22 20:10:37.207140+00:00,2.2584872
2025-07-22 20:10:46.878984+00:00,2.2584872
2025-07-22 20:11:00.911980+00:00,2.2584872
2025-07-22 20:11:19.062215+00:00,2.2584877
2025-07-22 20:11:24.903070+00:00,2.2584874
2025-07-22 20:11:36.021022+00:00,2.258488
2025-07-22 20:11:48.833233+00:00,2.258488
2025-07-22 20:12:02.272594+00:00,2.2584876
2025-07-22 20:12:14.490651+00:00,2.2584881
2025-07-22 20:12:26.548806+00:00,2.2584873
2025-07-22 20:12:39.291710+00:00,2.2584877
2025-07-22 20:12:51.585555+00:00,2.258488
2025-07-22 20:13:05.434715+00:00,2.2584879
2025-07-22 20:13:21.154788+00:00,2.2584873
2025-07-22 20:13:28.859114+00:00,2.2584873
2025-07-22 20:13:41.490914+00:00,2.2584875
2025-07-22 20:13:54.324128+00:00,2.2584881
2025-07-22 20:14:07.413546+00:00,2.258487
2025-07-22 20:14:20.058100+00:00,2.258487
2025-07-22 20:14:31.514669+00:00,2.2584876
2025-07-22 20:14:44.044812+00:00,2.2584873
2025-07-22 20:15:01.824324+00:00,2.2584877
2025-07-22 20:15:08.949981+00:00,2.258487
2025-07-22 20:15:21.931650+00:00,2.2584871
2025-07-22 20:15:40.913471+00:00,2.258487
2025-07-22 20:15:47.298009+00:00,2.2584875
2025-07-22 20:16:02.133743+00:00,2.2584877
2025-07-22 20:16:12.610169+00:00,2.258488
2025-07-22 20:16:24.054328+00:00,2.2584883
2025-07-22 20:16:36.378929+00:00,2.2584871
2025-07-22 20:16:49.223966+00:00,2.2584879
2025-07-22 20:17:02.037563+00:00,2.2584873
2025-07-22 20:17:14.191162+00:00,2.2584875
2025-07-22 20:17:27.227598+00:00,2.2584874
2025-07-22 20:17:39.401593+00:00,2.2584874
2025-07-22 20:17:52.449586+00:00,2.2584874
2025-07-22 20:18:05.274336+00:00,2.258488
2025-07-22 20:18:17.468923+00:00,2.2584878
2025-07-22 20:18:29.426048+00:00,2.2584882
2025-07-22 20:18:41.895701+00:00,2.2584877
2025-07-22 20:18:54.688442+00:00,2.2584872
2025-07-22 20:19:08.090040+00:00,2.2584873
2025-07-22 20:19:20.395072+00:00,2.2584881
2025-07-22 20:19:34.090086+00:00,2.2584879
2025-07-22 20:19:46.024426+00:00,2.2584872
2025-07-22 20:19:59.836251+00:00,2.2584879
2025-07-22 20:20:15.163943+00:00,2.2584873
2025-07-22 20:20:28.434510+00:00,2.2584874
2025-07-22 20:20:37.706214+00:00,2.2584878
2025-07-22 20:20:49.507873+00:00,2.2584876
2025-07-22 20:21:03.452267+00:00,2.2584873
2025-07-22 20:21:15.153319+00:00,2.2584875
2025-07-22 20:21:27.857081+00:00,2.2584872
2025-07-22 20:21:40.344215+00:00,2.258488
2025-07-22 20:21:53.328989+00:00,2.2584873
2025-07-22 20:22:05.928223+00:00,2.2584875
2025-07-22 20:22:18.219385+00:00,2.2584879
2025-07-22 20:22:32.420042+00:00,2.2584878
2025-07-22 20:22:43.317423+00:00,2.2584874
2025-07-22 20:22:55.889960+00:00,2.2584874
2025-07-22 20:23:07.991535+00:00,2.258488
2025-07-22 20:23:20.657250+00:00,2.2584873
2025-07-22 20:23:34.812722+00:00,2.2584873
2025-07-22 20:23:46.202248+00:00,2.2584874
2025-07-22 20:23:58.255458+00:00,2.2584879
2025-07-22 20:24:11.075226+00:00,2.2584881
2025-07-22 20:24:23.439931+00:00,2.2584876
2025-07-22 20:24:36.399332+00:00,2.2584872
2025-07-22 20:24:48.821492+00:00,2.2584873
2025-07-22 20:25:01.455356+00:00,2.2584875
2025-07-22 20:25:13.689905+00:00,2.2584878
2025-07-22 20:25:26.155689+00:00,2.258488
2025-07-22 20:25:38.513991+00:00,2.2584877
2025-07-22 20:25:51.479687+00:00,2.258487
2025-07-22 20:26:03.225020+00:00,2.258488
2025-07-22 20:26:15.612324+00:00,2.2584882
2025-07-22 20:26:29.500798+00:00,2.2584875
2025-07-22 20:26:41.299911+00:00,2.2584872
2025-07-22 20:26:52.956759+00:00,2.2584874
2025-07-22 20:27:05.636300+00:00,2.258488
2025-07-22 20:27:18.394751+00:00,2.2584877
2025-07-22 20:27:36.162080+00:00,2.2584872
2025-07-22 20:27:44.494372+00:00,2.2584872
2025-07-22 20:27:56.156820+00:00,2.2584873
2025-07-22 20:28:09.910959+00:00,2.2584876
2025-07-22 20:28:21.917132+00:00,2.2584878
2025-07-22 20:28:35.521128+00:00,2.2584875
2025-07-22 20:28:47.985236+00:00,2.2584878
2025-07-22 20:28:59.958477+00:00,2.2584874
2025-07-22 20:29:12.228836+00:00,2.2584881
2025-07-22 20:29:25.072907+00:00,2.2584881
2025-07-22 20:29:37.973578+00:00,2.2584882
2025-07-22 20:29:50.470366+00:00,2.2584875
2025-07-22 20:30:03.243279+00:00,2.2584871
2025-07-22 20:30:18.549490+00:00,2.2584877
2025-07-22 20:30:28.875812+00:00,2.2584878
2025-07-22 20:30:42.152758+00:00,2.2584878
2025-07-22 20:30:53.906297+00:00,2.2584874
2025-07-22 20:31:07.472826+00:00,2.258488
2025-07-22 20:31:19.480354+00:00,2.2584882
2025-07-22 20:31:31.877382+00:00,2.2584878
2025-07-22 20:31:44.015546+00:00,2.2584874
2025-07-22 20:31:56.778312+00:00,2.2584875
2025-07-22 20:32:09.120399+00:00,2.2584879
2025-07-22 20:32:21.691984+00:00,2.2584877
2025-07-22 20:32:33.867368+00:00,2.2584874
2025-07-22 20:32:46.325859+00:00,2.258488
2025-07-22 20:32:58.207450+00:00,2.2584875
2025-07-22 20:33:12.142996+00:00,2.2584876
2025-07-22 20:33:23.007033+00:00,2.2584878
2025-07-22 20:33:35.129136+00:00,2.2584883
2025-07-22 20:33:47.886769+00:00,2.258488
2025-07-22 20:33:59.700320+00:00,2.2584877
2025-07-22 20:34:12.374274+00:00,2.2584873
2025-07-22 20:34:24.506218+00:00,2.258488
2025-07-22 20:34:37.225801+00:00,2.2584881
2025-07-22 20:34:51.508803+00:00,2.2584878
2025-07-22 20:35:07.150715+00:00,2.2584879
2025-07-22 20:35:19.423928+00:00,2.2584877
2025-07-22 20:35:27.789037+00:00,2.2584878
2025-07-22 20:35:41.174681+00:00,2.2584875
2025-07-22 20:35:52.408725+00:00,2.2584881
2025-07-22 20:36:07.746185+00:00,2.2584876
2025-07-22 20:36:18.305744+00:00,2.2584876
2025-07-22 20:36:31.080861+00:00,2.2584878
2025-07-22 20:36:42.991527+00:00,2.2584876
2025-07-22 20:36:55.232071+00:00,2.2584876
2025-07-22 20:37:12.460862+00:00,2.2584877
2025-07-22 20:37:21.257740+00:00,2.258488
2025-07-22 20:37:33.204679+00:00,2.2584871
2025-07-22 20:37:45.636017+00:00,2.2584877
2025-07-22 20:38:00.437776+00:00,2.2584873
2025-07-22 20:38:10.641673+00:00,2.2584875
2025-07-22 20:38:22.464898+00:00,2.258488
2025-07-22 20:38:34.997547+00:00,2.2584884
2025-07-22 20:38:48.216809+00:00,2.2584878
2025-07-22 20:39:00.441191+00:00,2.2584879
2025-07-22 20:39:13.060590+00:00,2.2584882
2025-07-22 20:39:25.913029+00:00,2.2584877
2025-07-22 20:39:39.256750+00:00,2.2584874
2025-07-22 20:39:51.532826+00:00,2.2584876
2025-07-22 20:40:04.507924+00:00,2.2584873
2025-07-22 20:40:17.196139+00:00,2.2584872
2025-07-22 20:40:29.855442+00:00,2.2584873
2025-07-22 20:40:42.431916+00:00,2.2584875
2025-07-22 20:40:55.233856+00:00,2.258488
2025-07-22 20:41:08.494341+00:00,2.2584876
2025-07-22 20:41:34.017576+00:00,2.2584876
2025-07-22 20:41:46.473396+00:00,2.2584875
2025-07-22 20:41:58.929793+00:00,2.2584881
2025-07-22 20:42:12.591836+00:00,2.2584879
2025-07-22 20:42:24.334538+00:00,2.258487
2025-07-22 20:42:36.692561+00:00,2.2584873
2025-07-22 20:42:48.817989+00:00,2.2584879
2025-07-22 20:43:01.403728+00:00,2.2584874
2025-07-22 20:43:14.767461+00:00,2.2584875
2025-07-22 20:43:26.870375+00:00,2.2584877
2025-07-22 20:43:45.339036+00:00,2.2584879
2025-07-22 20:43:51.562116+00:00,2.2584872
2025-07-22 20:44:04.006877+00:00,2.2584877
2025-07-22 20:44:20.354674+00:00,2.2584877
2025-07-22 20:44:29.915621+00:00,2.2584877
2025-07-22 20:44:41.712050+00:00,2.2584878
2025-07-22 20:44:54.319235+00:00,2.2584873
2025-07-22 20:45:07.046014+00:00,2.2584882
2025-07-22 20:45:19.964195+00:00,2.258488
2025-07-22 20:45:41.736873+00:00,2.2584871
2025-07-22 20:45:49.272641+00:00,2.2584879
2025-07-22 20:45:56.747444+00:00,2.2584881
2025-07-22 20:46:11.049205+00:00,2.2584881
2025-07-22 20:46:22.039629+00:00,2.2584874
2025-07-22 20:46:39.959289+00:00,2.2584868
2025-07-22 20:46:47.713405+00:00,2.258488
2025-07-22 20:47:00.194883+00:00,2.2584876
2025-07-22 20:47:12.629332+00:00,2.2584879
2025-07-22 20:47:25.500566+00:00,2.2584881
2025-07-22 20:47:38.597839+00:00,2.2584877
2025-07-22 20:47:50.220983+00:00,2.258488
2025-07-22 20:48:03.420423+00:00,2.2584883
2025-07-22 20:48:14.970159+00:00,2.2584881
2025-07-22 20:48:27.668670+00:00,2.258488
2025-07-22 20:48:40.854377+00:00,2.2584872
2025-07-22 20:48:52.151772+00:00,2.2584873
2025-07-22 20:49:04.751209+00:00,2.2584879
2025-07-22 20:49:17.502452+00:00,2.2584879
2025-07-22 20:49:30.025831+00:00,2.2584877
2025-07-22 20:49:42.712251+00:00,2.2584878
2025-07-22 20:49:54.735884+00:00,2.2584863
2025-07-22 20:50:07.714919+00:00,2.2584881
2025-07-22 20:50:21.774486+00:00,2.2584874
2025-07-22 20:50:42.508956+00:00,2.258488
2025-07-22 20:50:58.060381+00:00,2.2584875
2025-07-22 20:51:10.652839+00:00,2.2584879
2025-07-22 20:51:22.509117+00:00,2.258488
2025-07-22 20:51:36.610617+00:00,2.2584879
2025-07-22 20:51:48.184733+00:00,2.2584879
2025-07-22 20:52:00.181385+00:00,2.2584877
2025-07-22 20:52:12.628890+00:00,2.2584874
2025-07-22 20:52:25.363495+00:00,2.2584881
2025-07-22 20:52:38.555555+00:00,2.2584874
2025-07-22 20:52:53.681562+00:00,2.2584878
2025-07-22 20:53:03.304242+00:00,2.2584876
2025-07-22 20:53:15.320339+00:00,2.2584877
2025-07-22 20:53:27.699240+00:00,2.2584876
2025-07-22 20:53:41.019562+00:00,2.2584874
2025-07-22 20:53:53.104326+00:00,2.2584878
2025-07-22 20:54:05.472112+00:00,2.2584883
2025-07-22 20:54:17.902260+00:00,2.258488
2025-07-22 20:54:30.903645+00:00,2.2584876
2025-07-22 20:54:43.042637+00:00,2.2584878
2025-07-22 20:54:55.772477+00:00,2.2584882
2025-07-22 20:55:08.528334+00:00,2.2584876
2025-07-22 20:55:33.401978+00:00,2.2584883
2025-07-22 20:55:45.859302+00:00,2.258487
2025-07-22 20:55:58.795067+00:00,2.2584874
2025-07-22 20:56:11.186021+00:00,2.2584873
2025-07-22 20:56:23.651078+00:00,2.2584876
2025-07-22 20:56:36.061107+00:00,2.2584876
2025-07-22 20:56:52.346241+00:00,2.2584878
2025-07-22 20:57:00.756279+00:00,2.2584879
2025-07-22 20:57:13.101469+00:00,2.2584883
2025-07-22 20:57:25.603196+00:00,2.2584873
2025-07-22 20:57:38.274445+00:00,2.2584878
2025-07-22 20:57:53.636681+00:00,2.2584876
2025-07-22 20:58:05.121922+00:00,2.2584874
2025-07-22 20:58:17.592539+00:00,2.2584878
2025-07-22 20:58:29.999327+00:00,2.2584874
2025-07-22 20:58:42.841721+00:00,2.2584873
2025-07-22 20:58:56.048239+00:00,2.2584874
2025-07-22 20:59:08.896518+00:00,2.2584876
2025-07-22 20:59:21.191688+00:00,2.2584878
2025-07-22 20:59:33.686946+00:00,2.2584874
2025-07-22 20:59:46.012294+00:00,2.2584872
2025-07-22 20:59:58.924256+00:00,2.2584879
2025-07-22 21:00:11.313612+00:00,2.2584881
2025-07-22 21:00:24.032179+00:00,2.2584875
2025-07-22 21:00:39.195729+00:00,2.2584874
2025-07-22 21:00:49.589724+00:00,2.258488
2025-07-22 21:01:05.265097+00:00,2.2584875
2025-07-22 21:01:14.799783+00:00,2.2584879
2025-07-22 21:01:27.483965+00:00,2.2584883
2025-07-22 21:01:40.078243+00:00,2.2584878
2025-07-22 21:01:52.953786+00:00,2.2584869
2025-07-22 21:02:05.026048+00:00,2.258488
2025-07-22 21:02:18.313919+00:00,2.2584874
2025-07-22 21:02:32.943638+00:00,2.2584881
2025-07-22 21:02:42.236975+00:00,2.258488
2025-07-22 21:02:54.778999+00:00,2.2584881
2025-07-22 21:03:07.376842+00:00,2.2584872
2025-07-22 21:03:19.726323+00:00,2.2584874
2025-07-22 21:03:33.212969+00:00,2.2584882
2025-07-22 21:03:44.868401+00:00,2.2584876
2025-07-22 21:03:57.492904+00:00,2.2584876
2025-07-22 21:04:10.267404+00:00,2.2584874
2025-07-22 21:04:22.224319+00:00,2.2584872
2025-07-22 21:04:35.123871+00:00,2.2584878
2025-07-22 21:04:47.814159+00:00,2.2584875
2025-07-22 21:04:59.948932+00:00,2.2584872
2025-07-22 21:05:12.777814+00:00,2.2584881
2025-07-22 21:05:25.198943+00:00,2.2584875
2025-07-22 21:05:49.547956+00:00,2.2584882
2025-07-22 21:06:02.162334+00:00,2.2584879
2025-07-22 21:06:14.532845+00:00,2.2584878
2025-07-22 21:06:28.046905+00:00,2.2584874
2025-07-22 21:06:39.532075+00:00,2.2584878
2025-07-22 21:06:52.657261+00:00,2.2584873
2025-07-22 21:07:04.755869+00:00,2.2584877
2025-07-22 21:07:17.443729+00:00,2.2584881
2025-07-22 21:07:29.950475+00:00,2.2584881
2025-07-22 21:07:42.113090+00:00,2.2584875
2025-07-22 21:07:54.457539+00:00,2.2584878
2025-07-22 21:08:07.523481+00:00,2.2584876
2025-07-22 21:08:19.796563+00:00,2.2584874
2025-07-22 21:08:32.566917+00:00,2.2584874
2025-07-22 21:08:44.823142+00:00,2.2584875
2025-07-22 21:08:57.932641+00:00,2.2584878
2025-07-22 21:09:11.262189+00:00,2.258488
2025-07-22 21:09:22.986593+00:00,2.2584876
2025-07-22 21:09:35.809417+00:00,2.2584866
2025-07-22 21:09:48.599671+00:00,2.2584878
2025-07-22 21:10:01.428964+00:00,2.2584877
2025-07-22 21:10:14.177716+00:00,2.2584874
2025-07-22 21:10:30.020892+00:00,2.2584875
2025-07-22 21:10:39.659767+00:00,2.2584881
2025-07-22 21:10:52.291171+00:00,2.2584872
2025-07-22 21:11:05.532899+00:00,2.2584878
2025-07-22 21:11:19.735026+00:00,2.2584876
2025-07-22 21:11:30.778214+00:00,2.2584875
2025-07-22 21:11:42.649033+00:00,2.2584881
2025-07-22 21:11:55.215747+00:00,2.2584878
2025-07-22 21:12:09.293537+00:00,2.2584878
2025-07-22 21:12:33.559535+00:00,2.2584883
2025-07-22 21:12:44.305309+00:00,2.2584882
2025-07-22 21:12:56.693106+00:00,2.2584877
2025-07-22 21:13:09.400719+00:00,2.258488
2025-07-22 21:13:21.958375+00:00,2.2584876
2025-07-22 21:13:34.512103+00:00,2.2584878
2025-07-22 21:13:47.657043+00:00,2.258488
2025-07-22 21:13:59.143762+00:00,2.2584879
2025-07-22 21:14:12.108458+00:00,2.2584869
2025-07-22 21:14:24.895422+00:00,2.2584873
2025-07-22 21:14:37.758037+00:00,2.2584874
2025-07-22 21:14:49.648463+00:00,2.2584882
2025-07-22 21:15:07.046084+00:00,2.258488
2025-07-22 21:15:15.139393+00:00,2.2584874
2025-07-22 21:15:28.690246+00:00,2.2584878
2025-07-22 21:15:39.847893+00:00,2.2584872
2025-07-22 21:15:54.233590+00:00,2.2584879
2025-07-22 21:16:04.899811+00:00,2.2584879
2025-07-22 21:16:18.771187+00:00,2.2584875
2025-07-22 21:16:29.706057+00:00,2.2584881
2025-07-22 21:16:54.778207+00:00,2.2584876
2025-07-22 21:17:19.816952+00:00,2.2584873
2025-07-22 21:17:33.051653+00:00,2.2584878
2025-07-22 21:17:46.169018+00:00,2.2584866
2025-07-22 21:17:58.012085+00:00,2.2584863
2025-07-22 21:18:11.008168+00:00,2.2584876
2025-07-22 21:18:23.989810+00:00,2.2584876
2025-07-22 21:18:38.367026+00:00,2.2584871
2025-07-22 21:18:52.101858+00:00,2.2584876
2025-07-22 21:19:02.899317+00:00,2.2584875
2025-07-22 21:19:15.097061+00:00,2.258488
2025-07-22 21:19:27.729263+00:00,2.2584871
2025-07-22 21:19:40.739836+00:00,2.2584876
2025-07-22 21:19:53.578728+00:00,2.2584878
2025-07-22 21:20:35.692734+00:00,2.2584879
2025-07-22 21:20:43.998918+00:00,2.258488
2025-07-22 21:21:02.934757+00:00,2.2584876
2025-07-22 21:21:21.091788+00:00,2.2584882
2025-07-22 21:21:33.795513+00:00,2.2584877
2025-07-22 21:21:46.084930+00:00,2.2584875
2025-07-22 21:21:58.392747+00:00,2.2584876
2025-07-22 21:22:11.513077+00:00,2.2584874
2025-07-22 21:22:23.470400+00:00,2.2584876
2025-07-22 21:22:35.902757+00:00,2.2584879
2025-07-22 21:22:48.320143+00:00,2.2584867
2025-07-22 21:23:02.476551+00:00,2.258488
2025-07-22 21:23:14.221891+00:00,2.2584871
2025-07-22 21:23:25.744214+00:00,2.2584875
2025-07-22 21:23:38.767132+00:00,2.2584873
2025-07-22 21:23:50.798970+00:00,2.2584877
2025-07-22 21:24:03.793354+00:00,2.2584877
2025-07-22 21:24:17.067067+00:00,2.2584877
2025-07-22 21:24:28.464372+00:00,2.2584868
2025-07-22 21:24:53.587054+00:00,2.2584865
2025-07-22 21:25:07.524558+00:00,2.2584875
2025-07-22 21:25:20.166968+00:00,2.2584879
2025-07-22 21:25:44.268810+00:00,2.2584883
2025-07-22 21:26:21.300698+00:00,2.2584873
2025-07-22 21:27:16.504119+00:00,2.2584877
2025-07-22 21:27:23.882560+00:00,2.2584869
2025-07-22 21:27:48.806782+00:00,2.2584881
2025-07-22 21:28:01.786349+00:00,2.2584875
2025-07-22 21:28:14.146877+00:00,2.2584877
2025-07-22 21:28:26.623707+00:00,2.2584882
2025-07-22 21:28:39.114282+00:00,2.258487
2025-07-22 21:28:53.214314+00:00,2.2584874
2025-07-22 21:29:04.092681+00:00,2.2584874
2025-07-22 21:29:16.901030+00:00,2.2584878
2025-07-22 21:30:08.058003+00:00,2.2584877
2025-07-22 21:30:31.643773+00:00,2.2584871
2025-07-22 21:30:43.794679+00:00,2.2584873
2025-07-22 21:30:56.504693+00:00,2.2584879
2025-07-22 21:31:33.851981+00:00,2.2584881
2025-07-22 21:31:46.549326+00:00,2.2584884
2025-07-22 21:32:02.436727+00:00,2.2584876
2025-07-22 21:32:15.546384+00:00,2.2584879
2025-07-22 21:33:14.605277+00:00,2.2584878
2025-07-22 21:33:26.875299+00:00,2.258487
2025-07-22 21:33:51.708731+00:00,2.2584876
2025-07-22 21:34:05.219475+00:00,2.258488
2025-07-22 21:34:16.885526+00:00,2.2584877
2025-07-22 21:34:31.433440+00:00,2.2584875
2025-07-22 21:34:54.391102+00:00,2.2584876
2025-07-22 21:35:19.349434+00:00,2.2584882
2025-07-22 21:35:33.696371+00:00,2.2584872
2025-07-22 21:35:45.289035+00:00,2.2584863
2025-07-22 21:35:58.071428+00:00,2.258487
2025-07-22 21:36:11.163494+00:00,2.2584865
2025-07-22 21:36:38.013201+00:00,2.2584873
2025-07-22 21:36:49.422713+00:00,2.2584879
2025-07-22 21:37:02.412570+00:00,2.2584879
2025-07-22 21:37:14.842780+00:00,2.2584872
2025-07-22 21:37:39.835691+00:00,2.2584881
2025-07-22 21:37:53.200822+00:00,2.2584875
2025-07-22 21:38:05.555220+00:00,2.2584876
2025-07-22 21:38:55.708441+00:00,2.2584871
2025-07-22 21:39:09.035368+00:00,2.2584868
2025-07-22 21:39:22.020396+00:00,2.2584879
2025-07-22 21:40:23.166055+00:00,2.2584867
2025-07-22 21:41:38.135374+00:00,2.2584882
2025-07-22 21:42:04.544120+00:00,2.2584867
2025-07-22 21:42:15.997667+00:00,2.2584882
2025-07-22 21:42:54.134942+00:00,2.2584864
2025-07-22 21:46:51.354584+00:00,2.2584877
2025-07-22 21:49:36.624325+00:00,2.2584871
2025-07-22 21:50:04.544312+00:00,2.2584858
2025-07-22 21:51:07.483415+00:00,2.258488
2025-07-22 21:52:07.995889+00:00,2.2584863
2025-07-22 21:59:12.703943+00:00,2.2584874
